AccX,AccY,AccZ,GyroX,GyroY,GyroZ,direction
2.770888567,9.399007797,3.560520172,-0.5427533388,-0.01069013402,-0.1765399277,0
1.679761529,9.489934921,4.766502857,-0.1036942974,0.121714808,-0.2666424811,0
1.579262972,8.882157326,3.94815731,-0.04428769648,0.3478874862,-0.09529490769,0
1.292124271,9.164510727,3.737588882,0.1304196268,0.3065013885,0.212122798,0
1.354337573,9.882357597,4.359723091,0.2076940238,0.4981602132,0.2396117151,0
1.105484009,9.695717812,5.221138954,0.3498727977,0.617431581,0.02550360374,0
1.426122308,9.609575272,4.771288395,0.1853974611,0.6104066372,-0.109955661,0
1.306481123,8.829515457,5.517848969,0.1047633067,0.7266236544,-0.1685986817,0
-0.760917604,7.566105366,4.522434711,0.4135554433,0.3498727977,-0.1105665267,0
-0.7657032609,7.623532772,3.239881754,0.2802342176,-0.06887500733,0.02565632015,0
-0.813559711,7.996813297,3.905086517,0.09407317638,-0.1960875988,0.1461493969,0
1.55054903,8.432307243,5.393422127,0.02977965772,-0.1058323234,-0.07925970852,0
-0.4307080805,8.772088051,4.134797573,0.1084285006,-0.1563813835,0.03100138716,0
-0.2536391914,8.298309326,3.847658873,0.1930332631,-0.2492328286,-0.007483093534,0
0.1100698411,8.719446182,4.086941242,0.1324049383,-0.2063195854,-0.08139773458,0
-0.4737788737,8.504091263,4.024727821,0.1621845961,-0.1406516135,-0.04749473557,0
-0.3062812984,8.729017258,3.632304668,0.1895207912,-0.1997527778,0.0016798781,0
-0.2967100143,8.925228119,3.66101861,0.2559523284,-0.1047633067,0.05818486959,0
-0.6699903607,9.36550808,2.895315409,0.2744309902,-0.06261363626,0.1285870373,0
0.4019941986,10.49970531,3.05324173,0.2776380479,-0.1514944583,0.05345066637,0
0.6460621357,10.14078236,4.029513359,0.4663952589,-0.1510363221,0.09529490769,0
0.760917604,10.0019989,2.857030153,0.5506945848,-0.377972573,0.1400407553,0
1.493121386,9.997213364,2.311466694,0.04230238497,-0.127212584,-0.1102610901,0
0.6460621357,8.551948547,3.785445452,-0.08048143238,-0.08399390429,-0.1259908676,0
0.7944171429,8.149953842,2.95752883,0.07605266571,-0.3109301627,-0.05635227636,0
1.416550994,8.178668022,3.211168051,-0.2756527364,-0.1951712966,-0.1305723488,0
1.205982566,8.839086533,3.732803345,-0.2266308367,-0.1701258421,-0.138819024,0
1.129412293,9.121439934,3.498306751,-0.09498947114,0.04016435891,-0.1481347084,0
0.7226324677,8.609375954,2.847458839,0.07574722916,-0.05467239767,-0.1476765573,0
0.8470591903,8.700303078,2.20618248,-0.1411097646,0.2477056682,-0.2124282271,0
-0.08614161611,8.317451477,3.105883837,0.1108719558,0.131183207,-0.0609337613,0
1.043270707,9.226723671,2.517249346,-0.04016435891,0.212122798,-0.1069013327,0
0.1818545163,9.140582085,3.493520975,0.1423314959,0.1566868126,-0.04291325063,0
0.4642075896,10.01635551,4.206582069,0.4134027362,0.2116646469,-0.06475166976,2
-0.3541377485,10.93519974,4.086941242,0.7689260244,0.2874118686,-0.0542142503,2
-0.7417750359,11.97846985,4.278367043,1.331837893,0.3019199073,0.1162170246,2
-0.1914258152,12.28953743,5.029713154,1.595273376,0.3561341763,0.2225074917,2
-0.5982056856,10.70070267,9.17886734,2.550207853,0.2779434621,0.4248564541,2
1.158126116,10.61934662,4.259224415,2.420551777,0.4967857897,0.2012799382,2
-2.82831645,7.403393269,5.761917114,3.147633553,0.4092794061,0.552069068,2
0.9044869542,8.465806961,0.9188438654,2.952156782,0.95279634,0.4372264743,2
-1.335195065,6.092126369,0.1004985496,3.258505344,0.6553052068,0.7466294765,2
1.16769743,7.154539585,-1.402194023,3.014159441,1.092989802,0.6229293346,2
2.603390932,6.235695839,-3.9625144,3.110065222,1.07710731,0.4865537882,2
1.043270707,2.024327993,-2.105684042,3.491703033,0.8849903345,0.4952586293,2
4.761716843,1.124626637,-4.053441525,3.308901787,0.937677443,0.2832885385,2
6.049055576,-1.540977836,-5.517848969,3.35257864,0.7066178322,0.3072649837,2
7.13061142,-2.335394859,-8.939585686,2.879616499,0.06230820715,0.2218966335,2
8.322237015,-3.029313564,-10.15035343,2.115882874,0.2474002391,0.06887500733,2
5.675775528,-5.10149765,-12.15075302,1.637270331,-0.6175842881,-0.1316413581,2
7.934599876,-3.8668015,-16.49133301,0.04367683083,-0.1701258421,-0.6433933377,2
4.828716278,-3.493520975,-11.65783215,0.02260199748,-0.8701768517,-0.4466948807,2
3.632304668,-1.052842021,-14.98385525,-0.5511527658,-0.8284853697,-0.4192059636,2
3.37387991,-0.5982056856,-9.087940216,-0.3736965358,-0.3452913165,-0.1611155868,0
2.306680918,-0.9236295223,-10.03549862,-0.1751654744,-0.3755291104,-0.03069595434,0
3.393022537,-1.138983607,-11.40419292,-0.4086685479,0.09117157012,-0.1595884264,0
3.048455954,-0.4402793646,-9.958928108,-0.4528035223,-0.1970038861,-0.02901607752,0
3.081955671,-0.4450650215,-10.37527943,-0.6514872909,-0.1479819864,0.02901607752,0
2.488535643,-0.02871387079,-9.255437851,-0.6705768108,-0.1713475734,0.1377500147,0
2.172683001,0.2919243574,-8.039883614,-0.6554579139,-0.05833758786,0.1586721241,0
2.550748825,1.004985452,-7.489534855,-0.6545416117,0.1568395346,0.1488982886,0
2.086541414,0.8614161611,-8.264809608,-0.4851793647,0.1282816082,0.2293797284,0
3.062813044,1.756331801,-8.992227554,-0.4842630625,0.1107192412,0.1759290546,0
3.536591768,2.033899307,-9.035298347,-0.5584831238,0.255036056,0.04718930274,0
3.938585997,2.297109842,-8.72423172,-0.3845393658,0.09896009415,-0.01725693047,0
3.177668571,1.799402595,-9.590433121,-0.4706713259,0.1853974611,-0.05787943676,0
3.641875982,2.129612207,-9.121439934,-0.525191009,0.158213973,-0.04398226365,0
4.249652863,2.478964329,-9.2362957,-0.3834703565,0.1320995092,0.004123337101,0
4.058227062,2.459821701,-9.389435768,-0.4112647176,0.09147699922,0.03787361458,0
4.450650215,1.9812572,-8.642875671,-0.6400335431,0.2600756884,-0.1334739476,0
0.2440679073,8.84387207,0.9810572863,0.03329212964,0.05161807314,0.06108647957,0
0.6556333899,9.016156197,-0.4642075896,-0.1004872546,0.03527744114,0.036651887,0
1.004985452,8.863015175,-0.09571290761,-0.2448040545,0.1463021189,0.01557705179,0
1.03848505,9.169296265,0.06699903309,-0.1879936308,0.0157297682,-0.001374445739,0
2.191825628,9.437292099,0.1435693651,-0.231670469,0.08170316368,-0.1411097646,0
1.229910851,9.580862045,0.1914258152,-0.2716821134,0.1881463528,-0.2964221239,0
0.9954141974,9.839286804,0.3014956415,-0.2722929716,0.0616973415,-0.3307832778,0
0.6173482537,10.59063339,0.9714859724,-0.1111773923,0.03497200832,-0.235182941,0
1.335195065,12.18425274,0.5168496966,-0.06536252797,0.05558869615,-0.3039052188,0
0.5838487148,11.27976608,1.473978758,0.1852447391,-0.03481929377,-0.3321577311,0
0.3349951804,11.05962658,1.057627559,0.1577558219,-0.1540906429,-0.3520108163,0
-1.105484009,9.987641335,1.320838094,-0.1646280587,-0.09193515033,-0.3683514595,0
-1.651047587,9.370293617,4.024727821,0.1601992846,0.1241582632,-0.1675296724,0
-1.852044702,8.791230202,2.675175667,0.1893680841,0.285579294,-0.0983492285,0
-2.215753794,8.145168304,1.45483613,0.2354883701,-0.03436114267,-0.03711003438,0
-1.823330879,8.791230202,1.349551916,0.04230238497,0.03894263133,0.002596175298,0
-1.473978758,8.446663857,2.861815929,0.05161807314,0.3567450345,0.28527385,0
-1.191625714,8.834300995,0.7704889178,0.2930623889,-0.06536252797,0.3109301627,0
-0.9571290612,8.66680336,0.8087740541,0.1576031148,0.04474584386,0.2838993967,0
-0.2488535494,9.078369141,1.473978758,0.2953531146,-0.04688387364,0.2197586,0
-0.3780659735,9.667003632,-0.1579262912,0.09422589093,0.02641990222,0.09376774728,0
-1.067198873,9.963713646,0.6843472719,0.2608392537,-0.08979712427,0.03497200832,0
-0.70348984,10.59541893,0.4259224236,0.1615737379,-0.03802633286,-0.05955931544,0
-0.9810572863,10.88734341,0.4402793646,0.2655734718,-0.06200277433,-0.01496618707,0
-0.760917604,11.19841003,0.3206382394,0.2861901522,-0.03573558852,0.01023198478,0
-1.043270707,10.01635551,-0.2536391914,0.4155407548,-0.1670715213,0.05879573524,0
0.5742774606,10.164711,1.225125194,0.1760817766,-0.1148425788,-0.001832594397,0
1.067198873,8.953942299,1.282552958,0.1864664704,-0.1186604798,0.05650499091,0
1.043270707,8.599804878,1.048056364,0.08857539296,-0.06826414168,0.07040216774,0
0.679561615,9.131011009,-0.3110669553,0.04764745384,-0.2562577724,0.0609337613,0
0.8039883971,9.408578873,-0.0239282269,-0.002748891478,-0.2596175373,-0.07177661359,0
0.6029912829,9.193224907,0.04785645381,0.09590577334,-0.1669187993,-0.1456912458,0
0.0,8.733802795,0.06699903309,0.02794706449,0.1301141977,-0.227852568,0
-0.7800601721,9.102297783,-0.4689932466,0.1212566569,0.02672533318,-0.1281288862,0
-0.8997012973,9.169296265,-0.8518448472,-0.003665188793,0.08200860023,-0.0991128087,0
-0.2823530734,9.360722542,-0.3206382394,0.09071341902,0.1973093301,-0.03237583488,0
-1.062413216,9.915857315,-1.55054903,-0.009010255337,0.05238165334,0.002290742937,0
-0.9523434043,10.43749237,-0.9714859724,-0.003207040019,0.1258381456,0.01374445762,0
-0.6987041831,10.80120182,-0.6221339107,0.07070759684,0.1322522312,0.01191186346,0
-0.5982056856,10.86341476,-0.2440679073,0.1127045527,0.2394589931,-0.05986474827,0
-0.5024927258,10.09771156,-0.4833501875,0.1192713454,0.242818743,-0.04535670951,0
-0.4163511395,10.07378292,-0.9571290612,-0.1960875988,0.3769035637,-0.03008509055,0
-1.13419795,9.049654961,1.636690736,-0.03313941509,0.4641045034,0.04062250629,0
-0.6412764788,8.781659126,2.153540373,0.2845102847,0.5088503361,0.1403461844,0
-1.153340459,9.131011009,-0.9906286001,0.07651081681,0.493884176,0.108123064,0
-0.1100698411,9.700503349,0.2297109663,-0.2396117151,0.4828886092,0.01130099874,0
-0.5072783828,9.595218658,0.4307080805,-0.1832594275,0.3404043913,0.05115992576,0
0.3732803464,9.408578873,0.3397808075,0.02825249545,0.1484401375,0.1186604798,0
-0.009571290575,8.930013657,-0.3110669553,0.08460476995,-0.03313941509,0.08964440972,0
0.1292124242,9.351150513,-0.2344966233,0.09605848789,-0.1501200199,0.04046979174,0
-0.6843472719,9.810572624,-0.5120640397,-0.07238747925,-0.1606574357,-0.02871064469,0
-0.6460621357,10.64327526,0.2105683982,-0.005039634649,-0.1240055487,0.01374445762,0
-1.249053478,11.30848026,0.1100698411,-0.1580612659,0.03772090003,-0.02061668597,0
-0.3062812984,10.82991505,1.421336651,0.3010036349,-0.1540906429,0.08261945844,0
0.3684946895,10.60499001,1.268195987,0.4624246359,-0.4298960865,0.1805105358,0
0.4737788737,10.09292603,0.5551348329,0.5688678026,-0.0616973415,0.0268780496,0
-1.440479279,9.619147301,0.7800601721,0.3497200906,0.3498727977,0.07024945319,2
-2.239681959,9.159725189,2.445464849,0.5769617558,0.5076286197,0.4845684767,2
-0.5216353536,9.834501266,0.2009970993,0.9737184644,0.6966912746,0.8162680864,2
-0.9571290612,8.255238533,4.670789719,2.137874126,0.1765399277,1.154839873,2
1.986042738,8.906085968,-1.971685886,1.956752658,1.033125043,1.153923512,2
2.019542217,6.905686378,0.4929214716,2.471406221,0.8437569737,1.270751476,2
4.838287354,7.33639431,-2.737389088,2.27699852,1.049618363,1.069318771,2
2.335394859,4.871787071,-0.7896314859,3.001484156,0.1986837685,1.350469351,2
4.833501816,4.733003139,-1.708475351,3.236819744,0.4214966893,1.188437462,2
2.134397745,1.694118381,-2.63689065,3.751015186,-0.5224421024,1.219744205,2
4.80957365,1.110269666,-7.733603001,2.693150043,0.6501128674,0.3449858725,2
10.97827053,3.613162279,-3.85244441,2.375500441,0.2003636509,-0.3668242991,2
3.684946775,0.6221339107,-6.302694798,1.729052782,0.3000873327,-0.9030108452,2
5.728417397,0.06699903309,-6.087340832,1.23807025,1.044120669,-0.9816597104,2
4.876572609,-0.1579262912,-4.800002098,1.419497013,0.5088503361,-0.7111993432,2
7.178467751,-1.244267821,-10.24606609,0.5448913574,1.218827963,-0.5549706817,2
8.528019905,-0.1339980662,-12.73938751,0.5488619804,0.4314232469,-0.8370374441,2
9.327222824,0.06699903309,-12.23689461,0.006872228812,0.4445568323,-0.7666352987,2
9.164510727,0.4929214716,-9.614361763,-0.4037816226,0.7345649004,-0.6789761782,2
11.14098263,0.0382851623,-11.30369377,-0.3136790693,0.4897608459,-0.5780308247,2
6.886543751,-1.301695466,-11.05484104,0.1478292793,-0.1276707351,-0.4656316638,0
9.786644936,0.4977070987,-13.35673618,-0.3984365463,0.1304196268,-0.311999172,0
8.432307243,0.4929214716,-5.7571311,-0.2272416949,-0.5146535635,-0.2113592178,0
7.580461979,0.9810572863,-8.700303078,-0.4999928176,-0.3344484568,-0.1122464016,0
7.623532772,1.737189293,-7.49910593,-0.3998109996,-0.5222893953,-0.09972367436,0
6.967899323,2.115255117,-6.460621357,-0.2451094985,-0.3729329407,-0.3181078434,0
6.015556335,2.474178553,-6.058627129,-0.1453858167,-0.3446804583,-0.2681696415,0
5.938985825,2.431107759,-6.575476646,-0.04718930274,-0.158519417,-0.231823191,0
6.144768715,2.201396942,-7.915457249,-0.2958112657,0.1127045527,-0.2861901522,0
6.843472958,2.684746981,-6.881757736,0.09407317638,-0.2620609999,-0.3914116025,0
4.948357105,2.254039049,-7.819744587,-0.05650499091,0.1627954692,-0.2419024557,0
5.536991596,2.560320139,-8.236095428,-0.09361502528,0.08002328873,-0.196851179,0
5.709274769,2.49332118,-7.728816986,-0.0601701811,0.03726275265,-0.1792888194,0
4.900500774,2.201396942,-8.221738815,-0.06414080411,-0.0497854799,-0.1345429718,0
5.374279499,2.469393015,-7.781459332,-0.200821802,-0.03466657549,-0.05390881747,0
4.93878603,2.723032236,-7.886743546,-0.3135263622,0.0175623633,0.009010255337,0
5.800201893,3.570091486,-7.417750359,-0.4179842174,0.1322522312,0.04825831577,0
2.359323025,11.82532978,-0.1196411327,-0.2528980076,-0.001985310577,0.09254601598,0
2.531606436,10.26999474,0.5551348329,-0.1763872057,-0.2571740746,-0.04321868345,0
1.679761529,8.906085968,0.3062812984,-0.08979712427,-0.1724165827,-0.1320995092,0
0.1674975902,8.729017258,0.2727817893,-0.01206457894,-0.3017672002,-0.06414080411,0
0.3302095234,8.819944382,-0.4929214716,0.05406153202,-0.4813614488,0.05314523727,0
0.9810572863,8.528019905,-0.7369893789,0.1299614757,-0.3349066079,0.03008509055,0
0.6317051649,8.566305161,-1.1820544,0.1058323234,-0.06887500733,-0.06994401664,0
0.7274180651,9.131011009,-0.6556333899,0.1408043355,-0.09819651395,-0.05482511222,0
0.5599204898,9.446864128,-1.665404558,0.2296851575,-0.0268780496,-0.07086031139,0
1.110269666,10.23170948,-1.603191137,0.2225074917,-0.01114828233,-0.1183550507,0
0.7657032609,10.63848972,-1.741974831,0.1214093715,0.01420260593,-0.2194531709,0
-0.6221339107,10.97348499,-0.94277215,-0.008704823442,0.2061668634,-0.2061668634,0
0.626919508,11.18883896,-1.186840057,0.2724456787,-0.02748891525,-0.09743293375,0
-1.009771109,9.939785004,-0.009571290575,-0.1646280587,0.3848448098,-0.2235765159,0
-1.378265858,8.87258625,0.8087740541,0.04718930274,0.2379318327,-0.0497854799,0
-0.8470591903,8.891729355,0.01914258115,0.2110537887,0.2050978541,0.02565632015,0
-0.1100698411,9.552147865,-0.6604190469,0.1143844277,0.1991419196,0.131335929,0
0.2201396823,9.288937569,-1.689332843,-0.1163697392,0.1942549944,0.02764163166,0
-0.626919508,8.288737297,-0.01914258115,-0.3426951468,0.1676823795,0.05451968312,0
0.1722832322,9.135796547,-1.095912814,0.1438586563,-0.1528689116,0.215940699,0
-0.1866401732,9.145368576,-0.9236295223,0.115606159,-0.1175914705,0.1740964651,0
0.1627119333,9.978070259,-2.172683001,0.2252563834,-0.1572976857,0.06918043643,0
-0.4546363056,10.07856941,-0.626919508,-0.01878409274,-0.1308777779,-0.09193515033,0
-0.2919243574,10.86341476,-1.713261008,0.1401934624,-0.1180496216,-0.05329795182,0
-0.4546363056,10.87777138,-1.35912323,-0.009315688163,0.01237001177,-0.05619955808,0
0.5072783828,10.89212894,-0.6317051649,0.150425449,-0.05207622424,0.131335929,0
1.579262972,10.49491978,-1.8855443,0.2066250145,-0.1238528341,0.1070540547,0
0.6843472719,9.399007797,0.1292124242,-0.1269071549,0.03558287397,-0.0268780496,0
1.469193101,9.341579437,-0.9284151793,0.04459312931,-0.1624900252,0.02397644334,0
0.6987041831,8.733802795,-0.4019941986,-0.1453858167,-0.06963858753,-0.02611446939,0
0.9619147182,9.456435204,-1.59840548,-0.02382372692,-0.1760817766,0.02550360374,0
0.5551348329,9.408578873,0.0239282269,-0.2280052751,-0.08017600328,-0.0557414107,0
0.626919508,9.461220741,-1.081555843,-0.001221729559,-0.1145371497,-0.127518028,0
-0.04307080805,9.370293617,-0.1339980662,-0.05131264031,0.04459312931,-0.1418733448,0
0.1004985496,9.891928673,-1.172483087,0.1797469556,0.1163697392,-0.04444041103,0
0.07178468257,9.844072342,-0.1579262912,0.2322813272,0.04841103405,0.01466075517,0
-0.3876372576,10.44227791,-1.13419795,0.4262309074,0.1858556122,0.135001123,0
-1.426122308,10.83948612,0.004785645287,0.7371610999,0.009621120058,0.2489273995,0
-2.416750908,12.57667542,-0.6652047038,1.02243495,0.003970621154,0.4132500291,0
-2.321038008,12.67238903,5.527420521,1.467449903,0.1406516135,0.5971203446,2
-2.368894339,12.11725426,7.896314621,2.267835379,-0.07238747925,0.4790706933,2
-6.80997324,5.111069202,9.911071777,3.293172121,0.2235765159,0.2593120933,2
-5.264209747,-1.703689694,9.901499748,4.082867622,0.9408844709,0.6918043494,2
1.890329838,-4.766502857,3.345165968,4.099513531,1.99019742,1.002429128,2
8.293522835,-4.110869408,-3.268595695,4.15678215,1.626274705,0.8132137656,2
12.79681587,-0.4354937077,-8.566305161,3.347844362,0.921794951,0.2099847645,2
10.49970531,-0.2153540403,-10.164711,1.258992314,1.155603409,-0.7976366878,2
8.681160927,-1.287338614,-13.76351547,0.809853971,-0.2073885947,-1.219133377,2
9.269794464,-1.627119422,-9.762716293,-0.9344704151,0.8483384848,-1.232114315,2
8.949156761,-0.1196411327,-14.50050545,-0.9262236953,1.116202712,-1.140789986,2
7.456035137,1.938186288,-16.53440475,-0.8199332356,0.9166026115,-0.7521272302,2
9.370293617,4.010370731,-13.96929836,-1.128419995,0.8736893535,-0.4876227975,2
9.379864693,5.982056618,-10.22692394,-1.029307127,0.4053087831,-0.4784598351,2
6.144768715,5.929414749,-8.791230202,-0.5761982203,-0.1682932526,-0.4796815813,2
6.077769279,6.288337708,-5.479563713,-0.5485565662,0.02718348242,-0.2663370371,2
4.886143684,6.068198204,-7.451249599,-0.1110246703,0.01771507785,-0.1033888608,2
6.379265308,6.47497797,-11.413764,0.03878991306,-0.3533852696,0.109955661,2
5.986842155,5.364708424,-7.575676441,-0.4192059636,-0.1207985133,-0.0009162971983,2
4.594219685,4.718646049,-6.407979012,-0.0009162971983,-0.6235402226,-0.007177661173,2
4.321437836,5.058426857,-7.077969551,0.003665188793,-0.4912880063,0.2063195854,0
4.431507587,5.297709465,-6.393621922,-0.1088866442,-0.2599229515,0.1731801629,0
4.082155228,5.29292345,-6.044270039,-0.03924806044,-0.05864302069,0.1417206228,0
5.072783947,5.541777134,-7.523034573,0.01496618707,0.07040216774,0.0975856483,0
4.680361271,4.838287354,-7.077969551,-0.0001527161949,0.01695149764,-0.03375028074,0
4.962714195,4.445864677,-7.14496851,0.0983492285,0.0314595364,-0.006414080039,0
4.474578381,4.220939159,-7.470392227,0.1293506175,0.03298669681,-0.04520399496,0
4.680361271,4.120440483,-7.676175117,0.1446222365,0.0190895237,0.08185587823,0
5.249852657,4.465006828,-6.800402164,-0.1939495653,0.2831358314,0.06979130208,0
5.455635548,4.134797573,-8.685946465,0.06826414168,-0.03772090003,-0.0740673542,0
0.1591227055,9.790233612,0.4785645306,-0.1605047137,0.14676027,0.04077522457,0
0.07178468257,9.851250648,0.3529413342,-0.1111773923,0.04016435891,0.07528908551,0
-0.2440679073,9.809376717,0.2835494876,-0.04199695215,-0.05283980444,0.1082757786,0
-0.2440679073,9.809376717,0.2835494876,-0.1809686869,0.1339320987,0.04001164436,0
0.4953143001,10.08455086,0.008374879137,-0.2499964088,0.06032289565,0.03466657549,0
-0.3649054468,9.695717812,0.05862415582,-0.1227838174,0.01924224012,0.06979130208,0
-0.394815743,9.43489933,0.6460621357,-0.350941807,0.2779434621,0.01023198478,0
-0.5910272002,9.51386261,0.4761717021,-0.2875646055,0.07651081681,0.03466657549,0
-0.8231309652,9.445667267,1.183250785,-0.09498947114,0.1154534444,0.07620538026,0
-0.1351944804,9.629914284,1.745564103,-0.03802633286,-0.03680460155,0.04810560122,0
-0.1351944804,9.629914284,1.745564103,-0.08307760954,0.1250745654,-0.03313941509,0
-0.2979064286,9.779465675,1.081555843,-0.1047633067,0.04688387364,-0.05650499091,0
-0.5264210105,9.6693964,0.7286145091,-0.09666935354,0.004276053514,0.006566796452,0
-0.5264210105,9.6693964,0.7286145091,-0.05604684353,-0.008093958721,0.06505709887,0
-0.457029134,9.588040352,0.6185446382,-0.1122464016,-0.009315688163,0.06612611562,0
-0.6532405615,9.523433685,0.9308080077,-0.009773836471,-0.03100138716,0.09651663154,0
-0.6532405615,9.523433685,0.9308080077,-0.02993237413,0.02046396956,0.09330959618,0
-0.6532405615,9.523433685,0.9308080077,-0.009926552884,-0.1353065521,0.1052214578,0
-0.09690931439,9.765109062,1.070788145,0.02290742844,-0.06597339362,0.09285144508,0
-0.09690931439,9.765109062,1.070788145,0.1510363221,-0.1556178033,0.09224057943,0
0.1615155339,10.69711399,0.6137589812,0.1394298822,-0.1873827726,0.04932733253,0
-0.07178468257,10.61815071,0.6819544435,0.1250745654,-0.1374445707,-0.004886918236,0
-0.2452643216,10.38843918,1.165304661,0.2530507445,-0.0849102065,0.02260199748,0
0.1866401732,10.22931671,1.031306505,0.2901607752,-0.1114828214,-0.01114828233,0
0.3409772217,10.00080204,0.6616154313,0.1685986817,-0.1510363221,-0.04993819445,0
0.6735795736,9.707681656,1.432104349,0.1305723488,-0.1113301069,-0.04596757516,0
0.7788637877,9.535398483,1.762313843,0.1644753367,-0.1669187993,0.004123337101,0
1.064806104,9.110671997,1.298106313,0.173485592,-0.1574503928,0.02565632015,0
0.836291492,9.117850304,0.9667003751,-0.03649916872,-0.1357647032,-0.01725693047,0
0.5874379873,9.15733242,0.9870393276,-0.04932733253,-0.1012508348,0.03863719851,0
0.7668996453,9.318847656,1.112662554,-0.06490438432,-0.07315105945,0.06459894776,0
0.7657032609,8.987442017,0.9918249846,0.05665770918,-0.0728456229,0.07544180006,0
0.9535398483,9.133403778,0.1088734269,0.003054323839,-0.02031125315,-0.01206457894,0
0.9535398483,9.133403778,0.1088734269,-0.115606159,0.1510363221,-0.073303774,0
0.4450650215,9.330811501,0.195015043,-0.05009091273,0.1078176349,-0.03634645417,0
0.4450650215,9.330811501,0.195015043,-0.02519817278,0.115606159,-0.0485637486,0
1.313659668,9.755537987,0.1818545163,0.02519817278,0.1108719558,-0.0616973415,0
0.9152546525,9.791430473,-0.2608176768,0.0004581485991,0.08888082206,-0.115606159,0
0.5108676553,10.30469036,0.1112662554,-0.01802051067,0.08903354406,-0.1123991162,0
0.5359922647,10.92921734,0.6317051649,0.05864302069,0.09178243577,-0.0609337613,0
0.7573283911,11.22951698,0.3708875179,0.146454826,0.154548794,-0.08231402934,0
-0.1387837082,10.14317513,0.5670989752,-0.0164933484,0.2112064958,-0.1976147592,0
-0.1507478207,9.909874916,1.410568953,-0.1027780026,0.06139190868,-0.1281288862,0
-1.022931695,9.053244591,2.026720762,-0.06872228533,0.1185077652,-0.0314595364,0
-1.022931695,9.053244591,2.026720762,0.01527161989,0.1881463528,0.08109229803,0
-0.5407779217,9.276973724,0.6305087805,0.2409861535,0.1204930767,0.2393062711,0
-0.0933200866,9.298508644,1.320838094,-0.01359174121,0.1207985133,0.1634063274,0
0.06101697683,9.279366493,1.741974831,-0.1094975099,0.09132428467,0.09086613357,0
0.04546362907,9.309276581,0.7836494446,-0.1458439678,0.06337722391,0.08888082206,0
0.2644068897,9.448060036,0.5072783828,-0.02138026804,-0.04520399496,0.1142317131,0
-0.190229401,9.353543282,0.7956135273,-0.06688969582,0.008704823442,0.03237583488,0
-0.190229401,9.353543282,0.7956135273,-0.04077522457,-0.06032289565,0.0438295491,0
-0.190229401,9.353543282,0.7956135273,-0.00916297175,-0.1403461844,0.05910116807,0
-0.4055834413,9.701699257,1.099501967,0.01145371422,-0.1601992846,0.04367683083,0
-0.03230310604,10.33579731,0.626919508,0.07498364896,-0.1470656991,0.1027780026,0
-0.002392822644,10.61815071,0.02751746029,0.142636925,-0.1522580534,0.0975856483,0
0.3457628787,11.04766178,0.3074777126,0.1817322671,-0.1107192412,0.05818486959,0
0.1244267747,10.46261692,0.5312066078,0.119576782,-0.1221729591,0.01664606482,0
0.9140582681,10.25085258,0.5946164131,0.1133154184,-0.003665188793,-0.01420260593,0
0.9667003751,9.51745224,1.282552958,0.2078467458,-0.06414080411,0.006566796452,0
1.343569875,8.98026371,0.7668996453,0.1719584316,-0.09300415963,-0.08246674389,0
1.057627559,8.705088615,0.8003991842,0.1847866029,-0.1067486182,-0.09819651395,0
1.057627559,8.705088615,0.8003991842,0.008093958721,-0.1240055487,-0.1458439678,0
1.057627559,8.705088615,0.8003991842,-0.1017089859,-0.1913533956,-0.102014415,0
0.6544370055,9.609575272,1.456032634,-0.2183841616,-0.1501200199,-0.06963858753,0
0.865005374,9.227920532,0.7908278704,-0.2234237939,-0.158366695,0.0157297682,0
0.156729877,8.794819832,0.4654040039,-0.05589412898,-0.1345429718,0.02733619884,0
0.156729877,8.794819832,0.4654040039,-0.06276635826,-0.01893680729,-0.07559451461,0
0.7345965505,9.561718941,0.6161518097,-0.1223256737,0.03817904741,-0.06734783947,0
1.067198873,9.87757206,0.2955136001,-0.1088866442,0.06704241037,0.03863719851,0
1.208375454,10.01037312,0.7142575383,-0.08720094711,0.04291325063,0.07742711157,0
0.2859423161,10.21137047,0.3972085714,-0.06918043643,0.06933315098,0.03375028074,0
0.6173482537,10.55832958,0.6352944374,-0.0737619251,0.1036942974,-0.04749473557,0
0.9487541914,10.93759251,0.4917250574,-0.0358883068,0.1046105921,-0.03420842811,0
0.9487541914,10.93759251,0.4917250574,0.04321868345,0.1576031148,0.02489273995,0
1.204786181,10.62532902,1.216750264,0.0728456229,0.1791360974,0.02657261863,0
0.2799602449,9.934999466,1.836491346,0.05406153202,0.1316413581,-0.02611446939,0
-0.3744767308,9.025727272,1.829312921,-0.02382372692,0.09651663154,-0.1072067693,0
-0.784845829,8.534002304,1.665404558,0.05177079141,0.05726857483,-0.1322522312,0
-1.039681435,8.757730484,0.9990034699,0.2124282271,0.03039052337,-0.08750637621,0
-0.5108676553,9.499505997,1.137787223,0.2565632164,0.1250745654,-0.04688387364,0
-0.5108676553,9.499505997,1.137787223,0.2306014597,0.131488651,0.02657261863,0
-0.5108676553,9.499505997,1.137787223,0.1069013327,0.1843284518,0.07055488229,0
0.08853443712,9.248259544,0.837487936,0.004734201822,0.1893680841,0.04276053607,0
0.2500499785,9.550951958,0.1830509305,-0.06062832847,0.2182314396,0.02748891525,0
0.2811566591,9.64068222,0.06699903309,0.04169152305,0.2125809491,0.1088866442,0
0.1531406492,9.670592308,-0.2428714931,0.1055268943,0.154396072,0.1432477981,0
0.1531406492,9.670592308,-0.2428714931,0.02901607752,0.1521053314,0.1226311028,0
-0.1088734269,9.757930756,0.1890329868,0.03787361458,0.08384118974,0.07803797722,0
-0.1184447184,9.984052658,-0.2512463629,-0.06979130208,0.001221729559,0.03634645417,0
-0.1184447184,9.984052658,-0.2512463629,0.04627300799,-0.03359756246,0.07880155742,1
0.8039883971,10.53320503,-0.156729877,0.09269873053,-0.007483093534,0.08414662629,1
0.3768695593,10.47458076,-0.6652047038,0.1140789986,-0.05742128938,0.1159115955,1
0.3792623878,10.75693417,-1.154536963,0.1690568328,-0.1359174103,0.1041524485,1
0.4103690982,10.19940662,-0.2787638307,0.215940699,-0.04596757516,0.02672533318,1
0.4103690982,10.19940662,-0.2787638307,0.1977674663,-0.04046979174,-0.01786779426,1
0.7250252366,9.294919968,-0.6305087805,0.2666424811,-0.1423314959,-0.01664606482,1
0.3074777126,8.538787842,-1.268195987,-0.03695731983,0.1930332631,-0.1180496216,1
0.4677968323,7.267002583,-1.205982566,-0.0175623633,-0.04428769648,-0.1385135949,1
0.3577269912,6.148357868,-1.012163997,-0.3129154742,0.09941824526,-0.07467821985,1
0.6819544435,6.119643688,-0.4462614357,-0.4696022868,0.1160643101,-0.07391463965,1
1.133001566,5.614758492,2.885744095,-1.004109025,0.3846921027,-0.04505127668,1
1.133001566,5.614758492,2.885744095,-1.365282774,0.1459966749,-0.05772672221,1
1.133001566,5.614758492,2.885744095,-1.842520833,-0.04963276163,0.1029307172,1
0.3326023519,3.863212109,5.094319344,-2.265392065,-0.08888082206,0.2359465212,1
0.3505485058,2.605783939,6.293123722,-2.679252863,0.0849102065,0.1605047137,1
0.3505485058,2.605783939,6.293123722,-2.645960808,0.04276053607,0.102167137,1
0.3505485058,2.605783939,6.293123722,-2.419482708,0.2845102847,0.117744185,1
0.604187727,-3.004188776,7.019345284,-2.64947319,0.3614792228,0.03283398226,1
0.3337987661,-4.898108006,10.06301594,-2.696051598,0.131183207,-0.07712167501,1
0.3337987661,-4.898108006,10.06301594,-3.184590816,0.3138317764,-0.2561050653,0
-0.190229401,-4.503292084,15.43370628,-3.435656309,0.1018617004,-0.3503309488,0
1.203589797,-3.722035646,13.03729439,-2.969566345,0.1098029464,-0.1722638607,0
0.7621139884,-4.715056896,15.03530121,-3.205665588,-0.1963930279,-0.3226893246,0
2.015953064,-3.829712629,12.02393341,-2.381914377,-0.4179842174,0.004276053514,0
2.015953064,-3.829712629,12.02393341,-2.187048674,-0.3214675784,-0.01420260593,0
1.860419631,-3.774677753,13.24547005,-1.363908291,-0.308639437,0.1409570426,0
1.097109199,-3.749552965,13.84008598,-1.369711518,-0.2756527364,0.04688387364,0
1.161715388,-3.676572084,11.97846985,-0.7573196292,-0.2063195854,0.1853974611,0
0.0382851623,-4.608576298,12.13878918,-0.6876810193,-0.3153589368,0.04031707719,0
1.116251707,-3.507878065,9.731609344,-0.1547015011,-0.01481347065,0.1513417512,0
1.043270707,-3.412165165,8.952746391,0.03466657549,-0.04520399496,0.01588248461,0
0.5383850932,-2.97427845,8.134400368,0.5563451052,0.01695149764,0.04581485689,0
0.2907279432,-2.354537487,7.462017536,0.6815723777,0.189062655,-0.02580903657,0
0.546759963,-1.823330879,7.720442295,1.26693356,0.1163697392,0.1207985133,0
0.6699903607,-1.200000525,6.065805435,1.166599035,0.2225074917,0.03481929377,0
-0.1040877849,-1.690529227,8.141578674,1.086881161,0.1484401375,-0.06047561392,0
0.3924229145,-1.144965649,7.363911629,0.85994488,0.2220493406,-0.05207622424,0
0.1974078715,-1.208375454,7.907082558,0.9214895368,-0.01603520103,-0.005192350596,0
0.3888336718,-1.15094769,9.304491043,0.6530144215,0.03130681813,-0.05513054505,0
0.6460621357,-0.837487936,9.480362892,0.5342012644,-0.08368847519,-0.05100720748,0
0.3708875179,-1.075573802,10.12403297,0.3272708058,-0.03283398226,-0.03008509055,0
0.9200403094,-0.6005984545,10.27717304,0.2687804997,-0.1521053314,0.003207040019,0
0.9308080077,-0.6221339107,10.46740246,-0.03680460155,-0.03008509055,-0.04092793912,0
1.052842021,-0.4235295951,10.55474091,0.08048143238,-0.3245218992,0.07498364896,0
0.7310073376,-0.5132604837,10.48774147,-0.14676027,0.02809977904,0.09040798992,0
1.088734269,-0.3840480447,9.663414001,-0.08399390429,-0.1148425788,0.09117157012,0
1.045663476,-0.522831738,9.594022751,-0.09972367436,-0.07055488229,0.1316413581,0
1.301695466,-0.4438686073,9.119047165,-0.1015562713,-0.04001164436,0.1243109852,0
0.760917604,-0.7250252366,9.510273933,-0.04596757516,-0.03359756246,0.1250745654,0
1.257428288,-0.3014956415,7.526623726,0.0745255053,-0.03023780696,0.0980437994,0
1.093519926,-0.6305087805,9.966106415,0.2107483447,-0.07605266571,0.0975856483,0
-0.2871387303,10.17906761,0.9092726111,-0.1343902498,0.2869537175,-0.007177661173,0
0.009571290575,10.38006496,0.8614161611,0.06429351866,-0.04077522457,0.086742796,0
1.019342422,11.28455162,1.21555388,-0.05665770918,-0.0190895237,0.06185005978,0
1.124626637,11.59083271,2.612962246,0.2156352699,-0.3628536761,0.06490438432,0
2.20618248,11.27498055,2.124826431,0.2050978541,-0.5395463109,0.01771507785,0
2.713460922,10.2029953,3.335594654,-0.1178968996,-0.4192059636,-0.09819651395,0
1.866401672,9.202795982,3.254238844,-0.01618791744,-0.4891499579,-0.06520981342,0
1.990828395,8.681160927,2.435893536,0.02061668597,-0.4392117858,-0.1093447953,0
1.45483613,8.532805443,1.177268744,-0.004734201822,-0.3677406013,-0.1443168074,0
1.287338614,8.001599312,1.239482164,0.1635590494,-0.3481929302,-0.2208276242,0
1.234696507,7.757531166,-0.4115654826,-0.0004581485991,-0.3289506733,-0.3643808365,0
0.9714859724,7.604390144,0.8566305041,-0.2122755051,-0.07498364896,-0.4092794061,0
0.4833501875,8.705088615,0.7226324677,0.0157297682,-0.3568977416,-0.3263545036,0
1.11984098,10.25085258,1.469193101,-0.02580903657,-0.1731801629,-0.3084867001,0
0.3876372576,10.99741268,1.220339537,-0.04596757516,0.1701258421,-0.2118173689,0
0.1627119333,11.25583744,3.211168051,0.1756236255,0.305126965,-0.1705839932,0
-0.6987041831,11.74875927,1.201196909,0.1580612659,0.3651444316,-0.150425449,0
-1.268195987,9.934999466,2.531606436,-0.1641699076,0.40133816,0.00351247238,0
-0.9044869542,9.198010445,3.637090445,0.1444695145,0.1418733448,0.2150243968,0
0.2201396823,8.848658562,3.105883837,0.0601701811,0.2464839369,0.20066908,0
0.2057827413,7.886743546,2.675175667,0.2422078848,0.2032652497,0.2590066791,0
-0.0239282269,7.819744587,0.6699903607,0.1936441362,0.05375609919,0.2808450758,0
0.4019941986,7.84845829,0.8039883971,0.09025526792,0.01985310577,0.2617555559,0
0.2919243574,8.264809608,0.760917604,0.1449276656,-0.134848401,0.2131918073,0
0.1004985496,9.212367058,0.3254238665,0.1120936871,-0.04917461425,0.1429423541,0
-0.4163511395,10.29392338,0.4450650215,0.1194240674,-0.1377500147,0.1153007299,0
0.2584248483,11.33719349,0.708275497,0.1991419196,-0.121714808,0.1356119812,0
1.100698471,11.81097221,1.483550072,0.3975202441,-0.2799287736,0.07177661359,0
1.636690736,11.60997581,1.081555843,0.5604684353,-0.4005745649,0.2072358727,0
3.043670416,10.61934662,0.1627119333,0.2451094985,-0.4095848203,0.06123919412,0
1.904686809,9.461220741,1.8855443,0.1227838174,-0.3853029609,0.09132428467,0
2.761317253,9.217152596,1.205982566,0.1007926911,-0.5908589363,0.1828012913,0
1.990828395,8.66680336,0.5790630579,-0.03512472659,-0.3651444316,0.1114828214,0
1.459621787,8.417949677,-0.1627119333,-0.07742711157,-0.2800815105,-0.09621120244,0
1.13419795,7.585247993,0.4259224236,-0.1374445707,-0.1191186309,-0.2321286201,0
1.292124271,7.934599876,-0.2201396823,-0.09666935354,-0.008704823442,-0.3258963525,0
1.435693622,9.17886734,-0.2201396823,-0.2796233594,0.2628245652,-0.4324922562,0
1.024128079,10.34177971,-0.3924229145,-0.1244636998,0.1872300506,-0.3926333487,0
1.071984529,11.60040379,0.3732803464,0.02596175298,0.1831067204,-0.2944368124,0
0.5551348329,11.88275719,0.8614161611,-0.01191186346,0.2594648004,-0.339640826,0
-0.9571290612,11.74397373,0.5934200287,0.01893680729,0.1044578776,-0.2313650399,0
-0.813559711,11.01177025,2.876172781,0.1009454057,0.3923279047,-0.1922696829,0
-1.813759565,8.446663857,2.478964329,0.2017380893,0.4172206521,-0.09987638891,0
-1.392622828,8.207381248,0.4402793646,0.1669187993,0.3969093859,0.04108065739,0
-0.5359922647,8.370093346,0.9140582681,-0.1608101577,0.3489564955,0.07223475724,0
-1.024128079,8.221738815,0.3014956415,-0.2144135386,0.2524398565,0.1828012913,0
-0.4881358147,7.910671711,0.5359922647,-0.1452330947,0.1053741723,0.3526217043,0
-0.7274180651,8.097311974,0.4259224236,-0.113926284,-0.02916879393,0.4324922562,0
-0.1579262912,8.90130043,0.5168496966,0.121714808,-0.2003636509,0.4641045034,0
-0.02871387079,10.0019989,-0.3541377485,-0.02382372692,-0.08918625861,0.3211621642,0
0.5072783828,11.74397373,0.3110669553,-0.006566796452,-0.04062250629,0.1989891976,0
1.067198873,12.97867012,-0.2153540403,-0.02260199748,-0.1232419685,0.1033888608,0
1.287338614,12.81117249,0.7800601721,-0.0438295491,-0.1224783882,0.07101303339,0
3.46959281,10.72463131,1.354337573,0.02794706449,-0.59376055,0.03252854943,0
2.90967226,8.958727837,3.129812002,-0.08017600328,-0.5134318471,-0.08445205539,0
2.368894339,8.480163574,1.512263894,-0.06322450191,-0.6097957492,-0.188757211,0
0.2967100143,8.092526436,0.890130043,-0.2926042378,-0.3611738086,-0.2020435184,0
-0.1435693651,8.327022552,0.7992027402,-0.18157956,-0.4251618981,-0.06887500733,0
0.4785645306,8.087740898,1.8855443,-0.07024945319,-0.243124187,-0.06688969582,0
0.2249253243,8.011170387,1.354337573,0.135001123,-0.02916879393,-0.09666935354,0
0.09092725813,8.743373871,1.129412293,0.2716821134,0.07941242307,-0.02550360374,0
0.8997012973,10.49013424,0.70348984,0.3781253099,0.09605848789,0.006566796452,0
1.521835208,11.88275719,0.03349951655,0.4106538594,0.2423606068,-0.07528908551,0
0.760917604,12.59581852,0.5551348329,0.2942841053,0.4993819594,-0.1475238502,0
-0.3158525825,12.67717457,-0.2775674164,0.6082686186,0.4425715208,-0.05451968312,0
0.3158525825,10.7677021,0.4546363056,0.4269944727,0.6192641854,-0.121714808,0
-0.2440679073,8.925228119,1.105484009,0.5170970559,0.6821832657,-0.04367683083,0
-0.1244267747,8.69551754,-0.6556333899,0.4132500291,0.2415970266,-0.04841103405,0
0.6460621357,8.757730484,-0.1962114573,-0.1707367003,0.7376192212,-0.1368337125,0
-0.1674975902,8.944371223,-0.4019941986,0.1997527778,0.2900080681,0.06688969582,0
0.3062812984,8.810373306,-2.220539331,0.1690568328,0.2105956376,0.04138609022,1
0.4259224236,8.355736732,-2.94317174,-0.2782489061,0.3561341763,-0.01557705179,1
0.5120640397,7.034898758,-5.029713154,-0.999527514,0.4462367296,-0.06505709887,1
-1.048056364,4.41236496,-7.183253765,-1.496771455,0.004581485875,0.07147117704,1
-1.507478237,2.804388046,-5.536991596,-2.087630272,0.1933387071,0.3645335436,1
0.3206382394,3.153740168,-1.584048629,-2.482096434,-0.1006399691,0.2641990185,1
0.3014956415,3.799802303,-0.1148554832,-2.605643749,0.01618791744,0.2125809491,1
1.210768223,2.120040894,0.4977070987,-2.927569389,-0.09315688163,-0.1924224049,1
1.488335729,-0.866201818,-4.07736969,-3.201236963,-0.2785543501,-0.1473711282,1
0.679561615,-9.00179863,3.598805189,-3.962985277,-0.5345066786,0.007330377586,1
2.349751949,-10.72941685,17.85045624,-4.074620724,-0.8248201609,0.2548833191,1
1.756331801,-3.790230989,31.56611633,-3.012937784,0.2616028488,0.5123628378,1
3.479164124,1.081555843,21.43012047,-1.214093804,0.6191114783,0.7166970968,1
2.498106956,0.7274180651,14.98385525,-0.6737838387,0.6954695582,0.5280926228,1
3.034099102,1.741974831,15.43370628,-0.5528326035,0.616820693,0.1766926348,1
-0.7417750359,1.765903115,15.69691658,-0.358424902,1.004719853,-0.006108647678,1
0.9475577474,1.660618901,11.54297638,0.1980729103,-0.0490218997,0.4173733592,1
-0.9188438654,0.9906286001,11.69133186,-0.06368265301,0.1038470119,0.3868301213,1
3.847658873,2.268395901,13.47159195,0.1553123742,-0.3023780584,0.2577849329,1
0.4833501875,1.115055323,12.59103298,-0.08292489499,-0.2118173689,0.1449276656,1
0.1196411327,0.3732803464,11.68654537,-0.08949168772,0.01389717404,0.1791360974,0
1.373480201,1.478764415,10.02114105,-0.02275471389,-0.1104138121,0.15424335,0
0.8805587292,1.11984098,9.824930191,-0.1592829973,-0.004734201822,-0.05467239767,0
0.4259224236,0.784845829,9.724431038,-0.009773836471,-0.09147699922,-0.05925388262,0
0.5694918036,0.6987041831,9.729216576,-0.04673115537,-0.117744185,-0.08750637621,0
0.6221339107,0.7704889178,9.044869423,0.01130099874,-0.1317940801,-0.1136208475,0
0.1866401732,0.5886343718,8.776873589,0.08720094711,-0.2136499584,-0.1232419685,0
0.2488535494,0.7274180651,9.628718376,-0.005192350596,-0.1030834317,-0.1322522312,0
0.1244267747,0.5168496966,9.389435768,-0.04886918142,-0.03527744114,-0.08582650125,0
1.540977836,0.9092726111,11.37547874,-0.07727439702,-0.07788526267,-0.05879573524,0
0.5359922647,10.46142101,2.861815929,-0.04948004708,0.4723511934,-0.2312123179,0
0.9523434043,10.08335495,2.756531715,0.4407389462,-0.04688387364,-0.2509126961,0
1.028913736,9.595218658,2.067398787,0.3597993553,-0.009315688163,-0.2736674249,0
-0.4019941986,9.226723671,2.938386202,0.1939495653,-0.2049451321,-0.273820132,0
-1.21555388,9.74835968,2.464607239,0.1049160287,-0.1624900252,-0.1123991162,0
-1.871187329,9.485149384,3.818944931,-0.1178968996,-0.07666353136,-0.102167137,0
-2.043470621,8.834300995,3.828516245,-0.007635809947,-0.1281288862,-0.04963276163,0
-1.899901152,8.039883614,3.316452265,0.006108647678,-0.05375609919,-0.04810560122,0
-1.31126678,7.762316704,3.268595695,0.03298669681,-0.01114828233,0.05635227636,0
-1.033699393,8.207381248,1.296909928,0.1369864196,0.005039634649,0.105985038,0
-1.287338614,8.193024635,2.507678032,-0.1715002805,0.05986474827,0.08826996386,0
-0.8470591903,8.848658562,2.196611166,-0.01023198478,-0.09361502528,0.1937968582,0
-0.7944171429,9.092725754,2.880958557,-0.01893680729,-0.04841103405,0.1485928595,0
-0.9044869542,9.772287369,2.383251429,0.03558287397,0.1343902498,0.1421787739,0
-0.7657032609,10.34177971,3.101098061,0.01221729536,0.1473711282,0.08506292105,0
-0.7465606928,10.85384369,2.842673302,0.15424335,0.1864664704,0.08170316368,0
0.3206382394,11.30369377,3.483949661,0.2496909797,-0.1182023361,0.08139773458,0
0.4307080805,10.52363396,4.340580463,0.1418733448,-0.1337793916,0.09498947114,0
1.095912814,10.04028416,2.39760828,0.4360047281,-0.3622428179,0.1357647032,0
0.2105683982,8.456234932,3.957728624,0.1197294965,-0.3787361681,0.1354592592,0
1.148554921,8.662017822,2.517249346,0.5919279456,-0.555428803,0.3579667509,0
0.8231309652,8.652446747,2.665604353,0.404850632,-0.3865246773,0.1207985133,0
-0.05742774159,8.427521706,0.7178468108,0.3486510813,-0.06459894776,-0.05635227636,0
0.1292124242,8.274380684,0.9044869542,0.1392771751,-0.01466075517,-0.1354592592,0
-0.1579262912,8.370093346,1.8855443,-0.0485637486,0.1676823795,-0.1539379209,0
0.3349951804,9.303294182,1.210768223,0.1415679157,0.2360992432,-0.07788526267,0
0.5216353536,9.911071777,1.316052437,0.1870773435,0.3286452591,-0.09498947114,0
0.5886343718,10.09771156,0.9188438654,0.28527385,0.2426660359,-0.1211039424,0
0.4067798555,10.28435135,0.8231309652,0.2261726856,0.2177732885,-0.1064431891,0
0.5359922647,10.83470058,0.6460621357,0.3341430426,0.1110246703,-0.06673697382,0
-0.3876372576,10.65284634,1.1820544,0.3152062297,0.2148716897,-0.03909534588,0
0.4354937077,11.27498055,0.3541377485,0.5480984449,0.2637408674,0.127365306,0
-0.1483550072,10.48056316,-0.5455635786,0.3168860972,0.2730565667,-0.09162971377,0
-1.813759565,8.709874153,3.43609333,-0.1941022873,0.2202167511,-0.1818849891,0
-1.335195065,9.044869423,1.402194023,0.2945895493,0.2788597643,0.1385135949,0
-0.8422735929,8.925228119,1.148554921,0.1501200199,0.4781544209,0.1421787739,0
-0.3876372576,8.906085968,0.9762716293,0.1374445707,0.3303251266,0.1258381456,0
0.3302095234,9.121439934,0.4737788737,0.09651663154,0.2999345958,0.06750056148,0
-0.1579262912,8.633303642,0.866201818,0.07177661359,0.2023489624,0.0745255053,0
0.3349951804,9.111868858,-0.3397808075,0.2021962404,0.1366809905,0.1493564397,0
0.1148554832,9.734002113,-0.8757730722,0.2098320574,-0.05131264031,0.05910116807,0
-0.1818545163,9.963713646,0.004785645287,0.09987638891,-0.06475166976,-0.03909534588,0
-0.6029912829,10.56191921,-1.421336651,0.1062904745,-0.02336557768,-0.08155044913,0
-0.2249253243,11.16012478,0.813559711,-0.177456215,-0.1029307172,-0.1371391416,0
0.4402793646,11.24626637,-0.09092725813,0.06246092543,0.1027780026,-0.1324049383,0
1.191625714,10.06421185,1.392622828,-0.02229656465,-0.2851211429,0.04428769648,0
1.531406522,9.399007797,1.110269666,0.06108647957,-0.4799869955,0.09071341902,0
0.8614161611,8.968298912,0.8470591903,0.04199695215,-0.401643604,-0.02519817278,0
0.7417750359,9.30807972,0.4833501875,-0.01557705179,-0.3520108163,-0.02748891525,0
0.2536391914,9.57129097,0.1052841991,0.02244928107,-0.273820132,0.01404988952,0
0.7800601721,9.470791817,0.7178468108,0.0497854799,-0.1855501831,0.00152716192,0
0.3349951804,9.140582085,0.2536391914,0.2883281708,-0.0131335929,0.02672533318,0
0.8997012973,9.403793335,0.2584248483,0.3263545036,0.05054906011,-0.02290742844,0
0.9475577474,9.958928108,-1.244267821,0.4674642682,0.0988073796,-0.1188132018,0
0.3349951804,10.10728264,-1.564906001,0.2843575478,0.289549917,-0.1004872546,0
1.110269666,11.07398319,-2.986242771,0.289549917,0.0314595364,-0.009926552884,0
-0.7704889178,11.31805134,-1.627119422,-0.3720166385,0.304821521,-0.2180787325,0
-1.9812572,10.04028416,2.435893536,-0.3375027776,0.2707658112,0.03329212964,0
-2.464607239,8.920442581,-0.3445664644,0.1823431402,0.1740964651,0.1689041108,0
-1.234696507,8.484949112,-1.316052437,0.0736092031,0.2134972364,0.1215620935,0
-0.8997012973,8.752944946,-1.651047587,-0.09162971377,0.2386954129,0.1719584316,1
-0.05264209956,8.532805443,-0.8614161611,-0.2791652083,0.06643154472,0.1896735132,1
-0.4594219327,7.087540627,-4.010370731,-0.2072358727,0.06948586553,0.2868010104,1
0.3684946895,5.589633465,-4.364508629,-0.6065887213,0.01053741761,0.2993237376,1
0.0765703246,3.316452265,-4.053441525,-1.074663877,0.2144135386,0.08414662629,1
0.09092725813,1.076770186,-3.211168051,-1.432477951,-0.2112064958,-0.03436114267,1
-0.07178468257,0.5455635786,0.5742774606,-1.730274439,-0.03451386094,-0.0100792693,1
-0.5790630579,0.8997012973,2.191825628,-1.822973251,0.3410152495,-0.1052214578,1
-0.626919508,1.081555843,2.498106956,-1.833052516,0.3457494676,-0.2193004489,1
-1.172483087,-0.6460621357,4.723432064,-2.532034397,0.04627300799,-0.4213439822,1
-0.6077769399,0.2536391914,3.091526747,-2.907563686,0.8399390578,-0.131488651,1
-2.464607239,-4.278367043,7.350750923,-3.968482971,0.3969093859,-0.2498437017,1
2.06261301,0.9571290612,30.5707016,-4.515054226,-0.3816377819,-0.161726445,1
-0.1339980662,4.766502857,26.39283371,-3.080285549,-0.3799578846,-0.3555232882,1
-2.823530674,1.545763373,18.25245094,-1.169042468,-0.09941824526,-0.1261435747,1
1.081555843,4.445864677,17.01296806,-0.7585413456,-0.1134681329,0.5355756879,1
1.923829436,3.163311481,13.07438278,-0.1201876476,-0.2374736816,0.6226239204,1
-0.2775674164,1.674975872,16.58704567,-0.3652971387,-0.2712239623,0.3084867001,1
2.608176708,1.923829436,11.8588295,-0.05024362728,-0.2084576041,0.5836812854,1
0.6699903607,1.512263894,15.85962868,-0.4912880063,-0.2101374865,0.2939786613,1
2.73260355,3.732803345,8.819944382,0.086742796,-0.1896735132,0.451429069,0
1.277767301,2.569891453,8.815158844,-0.05222893879,-0.007330377586,0.1392771751,0
1.698904037,2.474178553,8.245666504,0.09193515033,-0.3640754223,-0.006566796452,0
-0.05264209956,1.253839016,8.944371223,-0.04413498193,0.09010255337,-0.2142608166,0
1.177268744,1.832902193,8.815158844,0.2938259542,-0.2197586,-0.05818486959,0
0.4785645306,0.7657032609,9.872786522,-0.0616973415,0.1319467872,-0.1091920808,0
1.268195987,1.607976794,9.69093132,0.04734202102,0.07605266571,-0.08277218044,0
0.3828516304,1.277767301,9.911071777,-0.01130099874,0.09926552325,-0.1026252806,0
0.4546363056,1.765903115,9.710074425,0.08017600328,0.04306596518,-0.04062250629,0
0.626919508,1.674975872,9.355937004,0.03436114267,0.08216131479,-0.03298669681,0
0.626919508,1.627119422,9.714859962,-0.008857538924,0.03115410358,-0.04001164436,0
0.5120640397,1.507478237,9.432506561,-0.01450803876,0.05436696485,-0.05849030241,0
0.5216353536,1.540977836,9.537791252,0.00702494476,0.01588248461,-0.02611446939,0
0.3349951804,1.292124271,9.681360245,-0.03619373962,0.02290742844,-0.007177661173,0
0.5120640397,1.517049551,9.518648148,0.01023198478,-0.02290742844,0.04871646687,0
0.2201396823,1.225125194,9.963713646,-0.0016798781,0.009315688163,0.07712167501,0
0.4546363056,1.13419795,10.73420238,-0.1120936871,0.1985310465,0.04505127668,0
1.004985452,8.910871506,1.64626193,0.01282816008,0.3368919194,-0.3003927469,0
1.296909928,9.265008926,1.722832322,-0.0001527161949,0.09575305134,-0.2362519503,0
1.110269666,9.978070259,1.497906923,-0.173485592,0.4231765866,-0.270154953,0
0.3828516304,10.18385315,3.297309637,-0.1676823795,0.3807214797,-0.3346011937,0
0.2488535494,10.28435135,2.182254314,0.09529490769,0.4353938699,-0.231670469,0
-0.3349951804,10.7054882,3.206382275,0.05513054505,0.3061959743,-0.1832594275,0
-1.344766378,10.62413216,2.153540373,0.1284343153,0.3940077722,-0.1762344837,0
-2.488535643,10.01156998,1.847259045,0.1499672979,0.1666133702,-0.188757211,0
-3.144168854,8.671588898,4.153940201,-0.1562286615,0.1989891976,-0.2229656428,0
-2.129612207,8.90130043,2.880958557,-0.1817322671,0.4305069447,-0.07574722916,0
-2.172683001,8.078168869,1.545763373,-0.1701258421,0.2597702444,-0.08933897316,0
-1.938186288,8.049455643,2.656033039,-0.1452330947,-0.09773836285,-0.04917461425,0
-1.301695466,7.958528042,1.871187329,0.1647807807,-0.4889972508,0.1101083755,0
-1.387837172,8.523234367,1.837687731,-0.01664606482,-0.8736893535,0.086895518,0
-1.258624673,9.102297783,2.876172781,-0.1823431402,-0.4364628792,-0.0847574845,0
-2.01475668,9.375079155,1.813759565,0.4075995386,-0.4981602132,-0.3020726442,0
-1.497906923,9.470791817,2.000399828,0.6383537054,-0.3946186602,-0.2269362658,0
-2.158325911,9.623932838,1.287338614,0.3452913165,0.4709767401,-0.05650499091,0
-2.292324066,10.93519974,1.540977836,0.3236056268,0.4196641147,-0.01404988952,0
-2.440679073,10.41835022,0.4546363056,0.3286452591,0.2266308367,-0.1172860414,0
-1.818545222,10.20778179,0.7704889178,0.597731173,-0.6646208763,0.05299251899,0
-1.31126678,10.06899738,0.2344966233,0.328187108,-0.7067705393,0.2718348205,0
-0.09092725813,9.647860527,1.392622828,0.09147699922,-0.4833467603,0.4031707644,0
-0.2440679073,9.566504478,1.8855443,0.02107483521,-0.6403390169,0.1395826042,0
0.8327022791,9.260223389,2.005185366,0.03466657549,-0.5697841048,0.06979130208,0
0.0,9.351150513,1.861616015,-0.02031125315,-0.5282453299,0.08552107215,0
-0.2201396823,9.518648148,2.086541414,-0.1519526094,-0.5071704984,0.127212584,0
-0.1579262912,9.528220177,2.340180635,-0.1380554438,-0.2330449075,0.1650862098,0
-0.0382851623,8.681160927,0.9619147182,-0.08323032409,0.04810560122,0.15424335,0
-0.3876372576,8.556734085,1.325623751,-0.5485565662,0.3002400398,0.1438586563,0
0.3302095234,9.38465023,2.254039049,-0.4346303046,0.2356410921,0.02489273995,0
-0.03349951655,9.341579437,1.732403636,-0.1270598769,0.5222893953,-0.3552178741,0
-0.5599204898,9.523433685,1.536192179,-0.2965748608,1.040608168,-0.4427242577,0
-0.4115654826,9.652647018,1.813759565,0.01863137633,0.3442223072,-0.3141372204,0
-0.9140582681,9.992427826,1.971685886,-0.2753472924,0.5739074349,-0.3245218992,0
-0.5455635786,10.21735287,2.675175667,0.03604102135,0.2254091054,-0.2163988501,0
-1.201196909,10.56191921,1.574477315,0.3023780584,0.2651153207,-0.1165224537,0
-0.8231309652,10.13599682,1.497906923,0.3695732057,0.2556469142,-0.1113301069,0
-0.2153540403,10.70070267,-0.8805587292,0.4880809486,0.1800523996,-0.1527161896,0
-1.540977836,8.571090698,3.345165968,-0.1079703495,-0.1010981202,-0.4547888339,0
-2.890529871,8.336593628,1.866401672,-0.1035415828,0.1079703495,-0.3871355653,0
-3.503092289,8.216953278,2.383251429,-0.09498947114,-0.08155044913,-0.1759290546,0
-2.90967226,9.379864693,1.875972986,-0.1061377525,-0.09193515033,0.1108719558,0
-2.818745136,9.422935486,3.306880951,-0.2687804997,-0.08185587823,0.1050687432,0
-2.498106956,8.853444099,3.378665686,-0.1287397593,0.02061668597,0.01130099874,0
-2.62253356,8.66680336,1.177268744,0.2075413018,0.2325867712,0.0621554926,0
-1.751546144,8.834300995,0.8327022791,0.2616028488,-0.1336266696,0.1701258421,0
-1.866401672,9.049654961,1.35912323,0.1085812151,-0.2832885385,0.1111773923,0
-1.837687731,9.00179863,1.03848505,0.1033888608,-0.5280926228,0.1802051067,0
-2.11046958,9.418149948,0.626919508,-0.02474002354,-0.404850632,0.1962403059,0
-3.694518089,9.250652313,0.2536391914,-0.02641990222,-0.05207622424,-0.02489273995,0
-1.718046665,9.566504478,4.019941807,-0.1243109852,-0.2312123179,0.04596757516,0
-1.019342422,10.34656525,2.220539331,0.2365573794,-0.3611738086,0.2301433086,0
0.0239282269,10.69591713,1.904686809,0.525191009,-0.4920515716,0.1959348768,0
0.2823530734,10.24128056,-0.9188438654,0.5568032265,-0.2118173689,0.04749473557,0
0.3397808075,9.958928108,0.4737788737,0.1256854236,-0.3836230934,-0.1922696829,0
0.3254238665,9.298508644,4.29750967,-0.467158854,-0.2981020212,-0.3026835024,0
-0.4163511395,10.24128056,2.464607239,0.004886918236,-0.7079922557,-0.1218675226,0
-3.335594654,11.01655579,3.182454109,-0.3097084463,-0.1921169758,-0.05681042373,3
-3.14895463,11.32762241,3.742374659,-0.1374445707,-0.2813032269,0.2938259542,3
-6.60419035,9.212367058,3.158525944,0.1550069451,-0.1479819864,0.6462949514,3
-6.326622963,7.982456207,4.498506546,0.4986183643,0.003054323839,1.620013356,3
-5.455635548,7.025327206,2.249253273,1.18645215,0.1608101577,2.600604057,3
-2.962314367,4.594219685,3.460021496,1.177899957,0.3484983444,3.422064543,3
0.2153540403,2.325823545,1.244267821,1.585194111,0.744644165,4.098750114,3
2.483749866,-1.330409408,3.010170937,1.768453479,0.6441569328,4.466490746,3
4.29750967,-4.388436794,0.9954141974,1.820224285,1.033583164,4.69999361,3
1.383051515,-7.99202776,1.397408366,1.736077666,1.143233418,4.792692184,3
11.87318611,-8.260024071,0.5072783828,1.586263061,1.232114315,5.460062027,3
14.44307709,-6.187839508,0.1292124242,1.47844553,1.513722897,4.929984093,3
17.28096581,-4.565505505,5.331208706,1.421482325,0.8814778924,3.490481377,3
14.50529099,-5.991627693,4.474578381,1.248607635,1.680794477,1.701716542,3
12.39482117,-6.982256413,4.800002098,1.2339468,1.300072908,0.6771436334,3
14.18465233,-6.336194515,4.852644444,0.7768672705,1.64246273,0.2402225733,3
14.57228947,-5.685346603,4.771288395,0.55145818,1.051909208,-0.2249509543,3
11.34197903,-4.747360229,3.402593851,0.3981311321,0.8871283531,-0.7331904769,3
9.614361763,-4.364508629,4.579862595,0.1624900252,0.2228129357,-1.040150046,3
7.709674358,-3.929014683,4.048655987,-0.1200349256,0.4482220411,-0.9621120095,3
8.035098076,-3.187239647,3.345165968,-0.1298087686,-0.06276635826,-0.7870992422,0
8.441878319,-1.296909928,3.364308596,-0.2203694731,-0.07849612087,-0.6152935624,0
6.561119556,-1.493121386,4.814359188,-0.3543015718,-0.3100138903,-0.5829176903,0
6.757331371,-1.306481123,4.039084435,-0.2562577724,-0.2438877672,-0.4720457494,0
6.226124287,-2.239681959,3.75673151,-0.3049742281,-0.2015853822,-0.4004218578,0
8.48973465,-1.689332843,4.225724697,-0.2979492843,-0.2709185183,-0.1750127524,0
8.87258625,-1.483550072,4.484149456,-0.3181078434,-0.01145371422,-0.1417206228,0
8.824729919,-1.325623751,4.666004181,-0.1750127524,0.06429351866,-0.02412915789,0
9.126225471,-1.464407444,5.063212872,-0.08582650125,0.1078176349,0.0033597562,0
9.327222824,-1.411765337,4.354937077,0.02748891525,0.1255327165,0.04016435891,0
9.317651749,-1.923829436,4.881358147,0.02596175298,0.1554650813,-0.03711003438,0
10.84427261,-1.727617979,4.689932346,0.2333503515,-0.00351247238,-0.1113301069,0
0.7800601721,9.647860527,3.077169895,-0.1843284518,-0.1527161896,-0.2325867712,0
0.9236295223,9.049654961,2.354537487,0.06994401664,-0.3452913165,-0.1027780026,0
1.488335729,8.796015739,3.115455151,0.0131335929,-0.4634936452,-0.1563813835,0
0.0143569354,8.638090134,2.522035122,-0.06536252797,-0.2460257858,-0.2674060464,0
0.2488535494,9.073583603,2.297109842,0.05726857483,-0.5348120928,-0.1689041108,0
0.5120640397,8.939585686,2.900100946,0.02855792828,-0.4291325212,-0.1592829973,0
0.4594219327,9.097511292,1.871187329,0.1692095399,-0.347276628,-0.1873827726,0
-0.6891329288,8.642875671,1.837687731,0.05635227636,-0.1540906429,-0.2156352699,0
-0.2201396823,9.17886734,1.253839016,0.2118173689,-0.223881945,-0.111635536,0
0.2105683982,9.346364975,1.64626193,0.08246674389,-0.1278234571,-0.1255327165,0
-0.04785645381,9.36550808,1.225125194,0.086742796,-0.1676823795,-0.1113301069,0
0.1244267747,10.04985523,1.272981644,0.09422589093,-0.1763872057,-0.1145371497,0
-0.3780659735,10.2221384,1.856830359,0.0978910774,-0.01282816008,-0.1223256737,0
-0.6891329288,10.96869946,1.483550072,0.3289506733,0.08414662629,-0.1067486182,0
-0.5982056856,10.47577763,1.875972986,0.3694204688,0.2339612097,-0.0859792158,0
-1.105484009,9.858428955,0.2919243574,0.4129445851,0.3258963525,-0.03497200832,0
-0.7992027402,9.327222824,2.359323025,0.06627883017,0.1915061027,-0.03008509055,0
-1.59840548,8.365307808,1.607976794,0.008246674202,0.2530507445,0.01817322709,0
-1.306481123,8.484949112,1.818545222,-0.02199113183,0.2156352699,0.154548794,0
-1.292124271,9.054440498,1.641476393,-0.1039997265,0.1853974611,0.1924224049,0
-0.5072783828,9.394221306,2.450250387,-0.2443459183,0.1828012913,0.189062655,0
-0.7944171429,8.767302513,2.282752752,-0.177456215,0.1937968582,0.1492037177,0
0.08614161611,9.303294182,1.225125194,0.05207622424,0.0294742249,0.2113592178,0
-0.4546363056,9.17886734,1.450050473,-0.02458730713,0.02076940238,0.08139773458,0
-0.1339980662,9.872786522,0.6843472719,0.1110246703,-0.1310304999,0.06566796452,0
-0.7657032609,9.700503349,1.349551916,0.05222893879,-0.1672242284,-0.05558869615,0
-0.8470591903,9.868000984,0.2823530734,0.1724165827,-0.1579085439,-0.03313941509,0
-0.5790630579,10.17428207,1.282552958,0.02290742844,-0.235335663,-0.04352411628,0
-0.5120640397,10.84427261,1.229910851,0.1110246703,-0.3527744114,0.03787361458,0
0.756131947,11.40897846,1.16769743,0.431575954,-0.616820693,0.1571449637,0
-0.3397808075,9.657432556,0.2153540403,0.4285216331,-0.4456258714,-0.01069013402,0
-0.8614161611,9.044869423,0.9332008362,0.06979130208,-0.2979492843,-0.1508836001,0
-0.4067798555,8.729017258,0.7704889178,-0.04612028971,-0.1912006736,-0.1140789986,0
-0.08135596663,9.05922699,1.665404558,-0.1753181964,-0.239000842,-0.06765327603,0
-0.2297109663,9.633503914,1.914258122,-0.2872591615,-0.1075121984,-0.08994983882,0
0.2488535494,9.801001549,2.172683001,-0.2304487377,-0.1298087686,-0.06688969582,0
0.09092725813,9.317651749,1.995614052,-0.09605848789,-0.01603520103,-0.08384118974,0
-0.2153540403,9.245866776,0.94277215,0.04428769648,0.03558287397,-0.09010255337,0
-0.7513462901,9.298508644,1.220339537,0.02718348242,0.1259908676,-0.03329212964,0
-0.2344966233,9.51386261,0.07178468257,0.1380554438,0.1843284518,0.0549778305,0
-0.2919243574,9.083154678,0.2105683982,0.009773836471,0.1487455666,0.06963858753,0
-0.5072783828,9.198010445,1.31126678,-0.06627883017,0.03863719851,0.1828012913,0
-1.35912323,10.08814049,1.1820544,-0.06276635826,0.1721111536,0.3268126547,0
-1.603191137,10.77248764,1.301695466,0.1098029464,0.1937968582,0.443793267,0
-1.272981644,11.34676456,1.392622828,0.397367537,0.2641990185,0.5650499463,0
-2.63689065,9.284152031,0.4833501875,0.4135554433,0.5167915821,0.6226239204,3
-3.431307554,7.427321434,3.507878065,0.1586721241,0.3416261375,0.9364557266,3
-3.369094372,4.929214478,2.560320139,0.3190241456,0.3068068326,1.75547266,3
-0.3445664644,5.661418438,1.966900229,0.6299542785,-0.05543597788,2.689790249,3
0.2153540403,4.646861553,2.411965132,0.3594939113,0.4679224193,3.017519236,3
1.019342422,3.134597778,4.441078663,0.6811142564,0.3474293351,3.171151876,3
2.756531715,1.727617979,1.93340075,0.8167262077,0.6594285369,3.110981703,3
3.527020693,-0.7417750359,3.670589924,0.5035052896,0.7629700899,3.121213675,3
5.589633465,-0.8327022791,1.249053478,0.5736020207,0.961348474,3.335779905,3
12.1794672,-2.991028309,2.82831645,0.4917461574,0.7745765448,3.472918987,3
15.47199154,-1.282552958,1.584048629,0.297185719,0.9130901098,2.916879416,3
16.35733604,-2.608176708,2.742174864,0.2825249732,0.536339283,1.955225468,3
12.11725426,-3.517449379,2.938386202,-0.04795288667,0.894764185,1.284190536,3
13.99801254,-2.675175667,3.574877024,0.06902772188,0.486248374,1.241735339,3
13.3710928,-2.727817774,1.363908887,0.2070831656,0.4327977002,1.011439323,3
14.14636707,-2.665604353,2.158325911,0.173485592,0.04963276163,0.8181006312,3
12.02154064,-3.24466753,2.49332118,0.03130681813,0.08872810751,0.5050324798,3
13.28495121,-2.230110645,2.837887764,-0.07208204269,0.05039634556,0.2246455252,3
11.40897846,-2.282752752,1.660618901,-0.1383608729,-0.0134390248,-0.109955661,3
11.51904774,-1.775474429,3.230310678,0.0542142503,-0.3095557392,-0.07880155742,3
9.997213364,-2.024327993,2.368894339,0.02993237413,-0.03833176568,-0.1232419685,0
10.38006496,-2.081755638,2.115255117,0.05207622424,-0.281761378,-0.1098029464,0
9.911071777,-2.053041935,1.612762451,-0.05879573524,0.1101083755,-0.1728747338,0
9.245866776,-2.048256159,1.852044702,0.07131846249,-0.06826414168,-0.05665770918,0
9.518648148,-1.459621787,1.373480201,0.06322450191,0.09987638891,-0.03375028074,0
9.05922699,-1.617548108,1.727617979,-0.008246674202,0.01237001177,-0.04535670951,0
8.896514893,-1.607976794,1.866401672,0.006108647678,0.03940077871,-0.05513054505,0
8.796015739,-1.641476393,1.852044702,0.005039634649,-0.02061668597,-0.01802051067,0
8.934800148,-2.100898266,-0.5024927258,-0.01069013402,0.02321286127,0.04505127668,0
10.38006496,-1.593619823,3.225524902,-0.07666353136,0.1934914142,-0.002901607659,0
-0.1722832322,12.19861031,0.8231309652,-0.04581485689,0.666911602,0.09590577334,0
0.3924229145,12.078969,2.249253273,0.02703076601,0.2620609999,0.09590577334,0
1.143769264,11.12662506,0.9475577474,0.3552178741,-0.1241582632,0.2524398565,0
3.239881754,10.10728264,0.8614161611,0.3187187016,-0.5145008564,0.3738492429,0
3.058027267,8.87258625,1.469193101,-0.1539379209,-0.505948782,0.07299833745,0
1.895115495,7.99202776,2.359323025,-0.4686860144,-0.5035052896,-0.227852568,0
1.694118381,8.126026154,2.876172781,-0.4871646762,-0.6493492723,-0.3520108163,0
0.6747759581,8.394021988,2.871387243,-0.4550942481,-0.382095933,-0.5108356476,0
-0.3445664644,7.877171993,1.904686809,-0.1408043355,-0.3144426346,-0.5030471683,0
-0.1004985496,8.164310455,1.301695466,-0.111635536,-0.2893971801,-0.4272999167,0
-0.3014956415,8.810373306,1.942971945,-0.2724456787,-0.03375028074,-0.3698786199,0
-0.7465606928,9.44207859,1.856830359,-0.06429351866,-0.1818849891,-0.2846629918,0
-0.01914258115,10.53320503,2.617748022,-0.04673115537,-0.07009673119,-0.2386954129,0
-0.5024927258,10.95912743,2.641676188,0.2130390853,0.04505127668,-0.2325867712,0
-1.100698471,11.65783215,2.919243574,0.339029938,0.2124282271,-0.1595884264,0
-1.765903115,11.14576817,3.263810158,0.204639703,0.4587594569,-0.1719584316,0
-1.220339537,10.82512951,3.129812002,0.2014326602,0.3628536761,-0.185092032,0
-2.091326952,8.322237015,3.129812002,-0.09514218569,0.3026835024,-0.1079703495,0
-0.3445664644,7.910671711,3.804588079,0.06001746282,0.09040798992,0.1898262352,0
-0.5982056856,7.6426754,1.483550072,0.02107483521,0.1798996776,0.0978910774,0
-0.4163511395,7.685746193,2.402393818,-0.1931859851,0.188909933,0.1716530025,0
-0.784845829,8.102097511,0.6699903607,0.08735366166,-0.1185077652,0.278096199,0
0.07178468257,8.475378036,2.368894339,-0.1447749585,0.004886918236,0.3454440236,0
-0.2536391914,9.370293617,0.8805587292,0.1411097646,-0.09666935354,0.2357937992,0
-0.8279166222,10.1024971,2.20618248,0.1073594838,-0.04520399496,0.1288924664,0
0.01914258115,11.36112213,1.26341033,0.4242455959,-0.2640463114,0.1501200199,0
0.3158525825,11.94497108,2.129612207,0.2838993967,-0.1643226296,0.04306596518,0
0.3349951804,11.77268696,1.804188251,0.2939786613,-0.1473711282,-0.01450803876,0
1.497906923,10.31785107,1.517049551,0.3040579557,-0.2941313982,0.05207622424,0
1.828116536,9.963713646,1.966900229,0.06536252797,-0.3688096106,-0.02458730713,0
1.45483613,8.84387207,2.378465652,-0.03405570984,-0.4208858311,-0.1996000707,0
1.095912814,8.188239098,1.746760488,-0.006566796452,-0.4688387215,-0.2652680278,0
0.2392822653,8.087740898,1.249053478,-0.04886918142,-0.424398303,-0.2863428593,0
0.5024927258,8.556734085,0.5120640397,0.07757982612,-0.5265654325,-0.258548528,0
-0.3254238665,8.322237015,0.5120640397,-0.1064431891,-0.4059196413,-0.2981020212,0
-0.2009970993,9.250652313,0.6987041831,-0.02871064469,-0.4166097939,-0.1941022873,0
0.03349951655,10.2221384,1.014556766,0.03115410358,-0.3908007443,-0.1476765573,0
-0.1579262912,10.43270683,0.8566305041,0.1336266696,-0.2370155305,-0.2301433086,0
-0.3110669553,10.55234814,1.000199914,0.1976147592,-0.215787977,-0.2632827163,0
-1.043270707,11.13619614,0.5934200287,0.2197586,-0.105985038,-0.2330449075,0
-1.253839016,11.61476135,0.6364908218,0.1484401375,0.09056070447,-0.1404989064,0
-1.143769264,10.76291656,1.201196909,0.08093958348,0.2079994529,-0.2444986254,0
-1.832902193,9.930213928,2.163111687,-0.07040216774,0.2570213675,-0.2333503515,0
-2.230110645,8.752944946,1.746760488,0.06841685623,0.185092032,-0.1140789986,0
-1.205982566,8.499305725,1.899901152,0.06612611562,0.04703658819,0.09086613357,0
-0.9475577474,8.298309326,1.813759565,-0.01038470119,-0.03115410358,0.1875354946,0
-0.2344966233,8.719446182,0.2775674164,0.04581485689,-0.06658425927,0.2710712552,0
-0.9236295223,8.130811691,1.847259045,-0.1304196268,-0.09224057943,0.138666302,0
-0.5647061467,8.748159409,1.785045743,0.01954767294,-0.1334739476,0.177456215,0
-1.081555843,9.375079155,1.306481123,0.1846338809,-0.1724165827,0.1104138121,0
-1.162911773,10.3226366,0.8183453679,0.1941022873,-0.1803578287,0.02153298259,0
-0.8757730722,10.80120182,1.220339537,0.2302960157,-0.2443459183,-0.0601701811,0
-1.048056364,11.1936245,0.3828516304,0.2183841616,-0.06108647957,-0.1241582632,0
0.1914258152,10.32742214,0.7752745152,0.231670469,-0.3659079969,-0.08933897316,0
-0.4833501875,10.49491978,0.3493520916,0.01634063199,-0.2703076601,-0.1279761642,0
0.3302095234,9.824930191,0.9571290612,0.06200277433,-0.5572614074,-0.1493564397,0
-0.2488535494,8.810373306,0.7704889178,-0.09101885557,-0.547640264,-0.2412915826,0
-0.2871387303,8.800801277,2.06261301,-0.1837175786,-0.6449204683,-0.1052214578,0
-0.5982056856,8.963513374,1.296909928,-0.07742711157,-0.5794052482,-0.03878991306,0
-0.5455635786,8.566305161,1.052842021,-0.03268126398,-0.535728395,-0.07192932814,0
-1.052842021,8.561519623,0.3014956415,0.01069013402,-0.3555232882,-0.1346956789,0
-1.277767301,8.46102047,-0.06221338734,0.0242818743,-0.5763509274,-0.2263254076,0
-1.564906001,9.36550808,0.8757730722,-0.1368337125,-0.154548794,-0.1687513888,0
-1.555334687,10.24128056,0.1818545163,0.03787361458,0.07162389904,-0.02519817278,0
-1.071984529,10.80598736,-0.01914258115,0.03909534588,0.1253799945,-0.009315688163,0
-1.761117458,11.55254745,0.6412764788,-0.05772672221,0.1921169758,-0.08063415438,0
-1.9812572,11.6769743,1.325623751,-0.009010255337,0.1829539984,-0.1065959036,0
-2.330609322,10.70070267,0.1531406492,0.09590577334,0.2945895493,-0.138666302,0
-3.718446493,9.250652313,2.785245657,-0.1794415265,0.2759581506,-0.1476765573,0
-4.42672205,8.752944946,2.086541414,-0.158366695,0.4002691507,0.1846338809,0
-4.689932346,8.36052227,3.091526747,-0.138819024,0.223881945,0.6145299673,3
-3.321237803,9.360722542,4.421936035,-0.1024725661,0.3391826749,1.180648923,3
-3.115455151,9.475577354,3.775874138,0.2364046723,0.5366446972,1.553581834,3
-2.426322222,8.432307243,4.962714195,0.6682860851,0.5328267813,1.934150577,3
-2.641676188,6.470192432,3.536591768,1.293964267,0.5827649832,2.203847408,3
-4.41236496,3.991228104,1.775474429,1.528383732,0.7322741747,2.470642567,3
-1.684547186,1.1820544,4.383651257,1.732870698,0.5137372613,2.941771984,3
-1.890329838,-1.043270707,-0.9044869542,2.003789186,1.057101488,3.300349712,3
-2.670390129,-5.637490273,0.2488535494,2.056323528,1.118340731,3.351662397,3
2.507678032,-6.001199245,2.742174864,1.546098709,1.842979074,3.714821339,3
12.06939697,-6.226124287,5.661418438,1.110857606,1.809839606,3.804771185,3
18.41994858,-5.852844238,4.307080746,0.6950113773,1.643837094,3.226587772,3
20.31984901,-6.60419035,8.882157326,-0.03191768378,1.614210129,2.267988205,3
21.70768738,-4.125226021,4.230510235,0.6973021626,1.356272578,1.556788921,3
17.58724594,-3.34038043,3.799802303,0.8301652074,1.224478483,0.6809614897,3
14.54836178,-2.325823545,2.904886723,0.9126319885,1.395825982,0.1498145908,3
13.59601784,-2.890529871,4.182653904,0.9920443892,1.021671295,-0.150425449,3
13.20359516,-2.148754835,3.239881754,0.9037744403,1.076954603,-0.3016144931,3
14.55314732,0.2440679073,2.598605394,1.038622856,0.3101665974,-0.3089448512,3
12.00239849,-0.3589234054,0.1962114573,0.7617483735,0.1912006736,-0.6495019794,3
9.695717812,0.3637090325,-0.5359922647,0.2347247899,-0.07208204269,-0.6690496206,0
8.719446182,0.3062812984,4.488935471,-0.002443459118,-0.4796815813,-0.5241219997,0
7.867600918,0.04785645381,3.249453068,0.09040798992,-0.1133154184,-0.362395525,0
10.1024971,1.105484009,6.374479294,-0.7122683525,-0.09117157012,0.03649916872,0
12.00239849,3.546163082,3.9625144,-0.4575377107,-0.03527744114,0.1675296724,0
9.700503349,2.857030153,4.766502857,0.04917461425,-0.2095266134,0.154548794,0
8.102097511,2.06261301,3.924229145,-0.001069013379,0.1105665267,-0.04734202102,0
8.963513374,2.072184324,3.723232031,-0.04673115537,-0.04276053607,-0.1989891976,0
8.231309891,1.426122308,4.192225456,-0.1991419196,0.06337722391,-0.2809978127,0
8.193024635,1.722832322,4.163511276,-0.1360701323,-0.004428769462,-0.2257145345,0
9.135796547,1.852044702,4.168296814,-0.09025526792,-0.0542142503,-0.1046105921,0
9.188439369,1.387837172,4.905286312,-0.1085812151,-0.0438295491,-0.1945604384,0
1.679761529,10.34177971,2.167897224,-0.3167333901,0.5062541962,-0.1380554438,0
1.048056364,11.07398319,3.081955671,-0.3672824502,0.6777544618,-0.2017380893,0
0.4929214716,11.17926693,3.426522017,-0.181274116,0.7202095985,-0.2186895907,0
0.2775674164,11.12662506,3.326023579,-0.2131918073,1.173165798,-0.02046396956,0
0.09571290761,10.35135078,4.594219685,0.2029598206,0.7203623056,0.1012508348,0
0.2297109663,8.446663857,4.211368084,-0.0235182941,0.8364266157,0.2035706937,0
-1.091127157,7.637889862,4.163511276,-0.3685041666,1.013271928,0.1408043355,0
-1.373480201,7.393822193,5.575276852,0.008552107029,0.7542653084,0.1988364905,0
-0.3349951804,8.130811691,3.847658873,0.15424335,0.6644681692,0.2936732471,0
0.4498506486,8.087740898,3.98165679,-0.03466657549,0.2406807244,0.2842048407,0
-0.06699903309,7.958528042,3.431307554,-0.358730346,0.4086685479,0.2422078848,0
-0.2584248483,7.489534855,2.842673302,-0.215787977,0.1360701323,0.2562577724,0
0.8757730722,8.317451477,3.407379389,0.0980437994,-0.3573558927,0.3761399984,0
0.70348984,8.566305161,3.215953588,-0.08124501258,0.03543015569,0.3297142684,0
0.1052841991,8.508877754,3.369094372,-0.01038470119,0.03191768378,0.3440696001,0
0.07178468257,9.035298347,3.986442566,0.131183207,-0.1650862098,0.3669770062,0
0.5264210105,9.973284721,3.239881754,0.2423606068,-0.1924224049,0.2845102847,0
1.03848505,10.17428207,3.579662561,0.2131918073,-0.2671006322,0.3426951468,0
1.904686809,10.52363396,2.81395936,0.3788888752,-0.5708531141,0.3816377819,0
2.20618248,10.83948612,3.641875982,0.1053741723,-0.1450803876,0.397672981,0
3.785445452,9.647860527,5.13021183,0.134848401,-0.2202167511,0.235030219,0
3.747160196,8.705088615,5.828916073,0.2559523284,-0.4555523992,-0.127365306,0
2.723032236,8.102097511,3.938585997,0.2438877672,-0.1366809905,-0.4337140024,0
1.847259045,8.202595711,3.479164124,0.2309068888,-0.07773254067,-0.7037162185,0
0.3924229145,7.714460373,2.71824646,0.1692095399,0.1904370934,-0.8668171167,0
0.2919243574,7.652246952,3.014956474,0.0971274972,0.04871646687,-0.5688678026,0
0.0765703246,7.465606689,2.20618248,0.2222020626,0.2273944169,-0.4033234715,0
0.08135596663,7.810173035,1.512263894,0.08063415438,0.3718639314,-0.1666133702,0
0.4259224236,8.48973465,1.995614052,-0.07131846249,0.1977674663,0.0235182941,0
1.737189293,9.245866776,1.306481123,0.1293506175,0.1580612659,0.1623373181,0
1.354337573,9.332008362,1.272981644,-0.008857538924,-0.02138026804,0.09010255337,0
0.2488535494,10.38006496,2.71824646,-0.196698457,-0.02962694131,0.01466075517,0
-0.4354937077,11.23669529,3.187239647,0.1085812151,0.1449276656,0.04306596518,0
-0.7178468108,11.32762241,1.732403636,0.319940418,0.5551233888,0.16584979,0
-0.02871387079,10.5475626,2.210968018,0.3246746361,0.7547234297,0.2976438701,0
0.3780659735,10.24128056,1.789831281,0.3840812445,0.7770199776,0.2704603672,0
0.3732803464,8.092526436,3.546163082,-0.03390299529,0.8614720702,0.2394589931,0
-0.2488535494,7.020541668,3.431307554,-0.05467239767,0.693942368,0.289244473,0
0.3110669553,7.537391186,3.823730469,-0.07391463965,0.462882787,0.4674642682,0
1.162911773,8.834300995,3.220739365,-0.1747073233,0.3640754223,0.529008925,0
2.01475668,9.38465023,3.388236761,-0.2996291816,0.3110828996,0.4680751264,0
1.196411371,8.84387207,3.086741209,-0.1380554438,0.1956294477,0.3559814394,0
1.957328916,8.729017258,3.014956474,-0.005497782957,-0.05558869615,0.3368919194,0
1.584048629,9.150154114,2.770888567,0.09422589093,-0.1786779463,0.2150243968,0
1.952543259,9.303294182,2.861815929,0.1514944583,-0.3446804583,0.07620538026,0
1.966900229,9.815358162,2.407179594,0.1508836001,-0.26618433,-0.06368265301,0
2.73260355,10.2221384,2.63689065,0.169820413,-0.2405280024,-0.1861610413,0
3.914657831,11.11705399,3.723232031,0.2532034516,-0.07727439702,-0.2915352285,0
6.934400082,12.03111267,3.675375462,0.3481929302,0.01847865991,-0.5322159529,0
6.838686943,10.61934662,7.197610378,0.2122755051,0.07391463965,-1.358563304,0
6.044270039,9.312865257,5.43649292,0.8240565658,-0.2751945853,-2.34816432,4
0.4354937077,4.350151539,4.642076015,0.62522012,0.3527744114,-3.365559578,4
-0.8183453679,4.359723091,3.991228104,1.037248373,-0.2125809491,-3.70031333,4
-3.527020693,3.876372576,3.282952785,0.9127846956,0.1200349256,-3.782016516,4
-2.182254314,5.345565796,2.895315409,0.8996511102,-0.2603811026,-3.384190798,4
-3.699303865,3.249453068,2.852244616,1.073900223,0.06291907281,-3.603033304,4
-2.665604353,-1.004985452,-0.4498506486,1.323285818,0.04612028971,-3.867537737,4
-5.857629776,-5.163711071,-1.21555388,0.9531017542,-0.3927860558,-4.032623768,4
-10.51884842,-7.628318787,-0.1196411327,0.8011491299,-1.454469085,-3.35563302,4
-8.499305725,-4.024727821,1.196411371,0.790153563,-2.121075153,-1.840535522,4
-11.21755219,-3.823730469,6.183053493,0.9234748483,-2.250884056,-1.247233152,4
-13.30887985,-2.220539331,5.685346603,0.5942187309,-1.630703568,-1.307097912,4
-13.07438278,-1.871187329,6.192625046,0.9876156449,-1.63788116,-0.9795216918,4
-14.76850128,-3.531806231,4.651647091,0.6244565248,-0.7011200786,-0.8613193631,4
-12.9882412,-3.182454109,6.072983742,0.9239329696,-1.266628146,-0.431881398,4
-12.67238903,-2.71824646,6.273981094,0.7043271065,-0.8878919482,-0.274125576,4
-11.45204926,-1.837687731,5.848058701,0.9062178731,-1.176220179,-0.06108647957,4
-10.86341476,-1.938186288,6.455835342,0.4720457494,-0.5193877816,0.02550360374,4
-8.159524918,-0.4115654826,5.178068161,0.87231493,-0.8190169334,0.2359465212,4
-9.2362957,-1.574477315,5.742774487,0.6186532974,-0.2214384824,0.01786779426,4
-7.278966427,-1.397408366,5.278566837,0.5859720111,-0.4421133697,0.2228129357,0
-7.298109055,-1.13419795,5.527420521,0.3269653618,-0.1408043355,0.2509126961,0
-6.417550564,-0.3541377485,5.211567879,0.3304778337,-0.2554942071,0.3037525117,0
-7.216753006,-0.2632105052,5.603990555,0.08384118974,-0.03817904741,0.2099847645,0
-6.709474564,-0.08614161611,6.053841114,0.06032289565,-0.2371682525,0.1878409237,0
-7.326822758,0.0382851623,6.867401123,-0.07910698652,-0.05635227636,0.1169806048,0
-7.245467186,0.3972085714,7.183253765,-0.0108428495,-0.127518028,0.1391244531,0
-7.728816986,0.5168496966,7.398607731,-0.0601701811,0.006261364091,0.1392771751,0
-6.920042992,0.9523434043,7.561319351,-0.03115410358,-0.01863137633,0.2061668634,0
-7.867600918,0.813559711,8.456234932,-0.01603520103,0.01542433538,0.261908263,0
-0.5694918036,10.03071213,1.627119422,-0.06337722391,0.1980729103,0.2533561587,0
-0.0239282269,10.96869946,1.526620865,0.08872810751,-0.2055560052,0.1403461844,0
0.2679961324,10.56670475,1.21555388,0.1206457913,-0.5018253922,0.05528326333,0
1.201196909,10.66241741,1.785045743,0.05971203372,-0.5123628378,0.1418733448,0
0.5072783828,9.915857315,2.440679073,0.09865466505,-0.1079703495,0.1417206228,0
1.512263894,9.686145782,2.579462767,0.01817322709,0.3943132162,0.1430950761,0
1.703689694,8.824729919,3.584448338,0.01695149764,0.2643517256,0.04673115537,0
3.335594654,7.767102242,2.445464849,0.07941242307,-0.1710421443,-0.07070759684,0
0.2584248483,9.116654396,2.009970903,-0.1320995092,-0.1589775532,-0.2296851575,0
0.9284151793,9.403793335,2.885744095,-0.2771798968,-0.1992946416,-0.007941242307,0
0.2679961324,8.839086533,2.617748022,-0.1134681329,-0.1919642538,-0.01710421406,0
0.4498506486,8.513663292,2.321038008,0.08445205539,0.1191186309,-0.1327103674,0
0.7800601721,8.968298912,2.675175667,0.07559451461,0.2477056682,-0.03558287397,0
1.143769264,8.84387207,1.799402595,0.3411679864,0.591011703,0.05070177838,0
1.196411371,9.489934921,1.095912814,0.3213148713,0.7336485982,0.1296560466,0
1.823330879,10.15992451,0.732203722,0.1566868126,0.2956585586,0.2296851575,0
1.1820544,10.68634605,1.464407444,-0.1030834317,0.1779143661,0.1528689116,0
0.9188438654,10.81555843,1.35912323,0.1107192412,0.073303774,0.1075121984,0
0.9714859724,10.48056316,1.024128079,0.4132500291,0.08704823256,0.1249218509,0
2.091326952,10.54277611,0.3732803464,0.3639226854,0.2125809491,0.06475166976,0
0.9044869542,9.446864128,1.445264935,-0.02718348242,0.1730274558,-0.1837175786,0
0.3062812984,9.116654396,2.565105915,-0.2054032832,0.3145953715,-0.2115119249,0
-1.009771109,8.422736168,1.665404558,0.01588248461,0.134848401,-0.2338084877,0
-0.5982056856,8.642875671,2.330609322,0.04642572254,-0.07544180006,-0.07742711157,0
-0.5742774606,9.509077072,0.8614161611,-0.08368847519,0.111635536,0.02718348242,0
0.1627119333,9.00179863,3.302095175,-0.3747655451,-0.117744185,-0.03466657549,0
-1.229910851,8.250452042,2.660818815,-0.1524107605,-0.05436696485,-0.09865466505,0
-1.009771109,8.312665939,2.713460922,-0.1004872546,0.2773326039,0.2202167511,0
0.2775674164,9.269794464,1.804188251,0.002443459118,0.2168570012,0.335364759,0
-0.06699903309,9.355937004,1.564906001,-0.005345067009,0.02489273995,0.219911322,0
0.4067798555,9.781859398,2.230110645,0.06200277433,-0.08445205539,0.2365573794,0
0.3828516304,10.12164021,1.497906923,0.08872810751,0.001985310577,0.1517999023,0
0.1722832322,10.54277611,1.584048629,0.04245510325,0.004276053514,0.1337793916,0
1.067198873,10.84905815,1.363908887,0.3078758419,-0.2370155305,0.1296560466,0
1.0863415,10.12642574,1.16769743,0.2663370371,-0.07971785218,0.2156352699,0
0.07178468257,8.776873589,1.952543259,-0.08536835015,0.1482874304,0.2422078848,0
1.966900229,8.551948547,2.770888567,-0.08200860023,0.1510363221,0.5995637774,0
1.593619823,7.905886173,2.072184324,-0.07223475724,0.3491092324,0.5629118681,0
3.656233072,9.595218658,3.512663603,-0.2435823381,0.5677987933,0.1395826042,4
5.044070244,11.22233772,3.531806231,-0.1621845961,1.167057157,-0.8110756874,4
11.71525955,11.38504982,5.9485569,0.262519151,0.9766200781,-1.96026504,4
7.51346302,5.326423168,3.402593851,0.1750127524,1.557552457,-3.791485071,4
3.579662561,2.048256159,2.201396942,0.4277580678,0.8507819176,-4.164875984,4
-2.483749866,0.09092725813,4.92442894,0.4627300799,0.3510945439,-3.730398417,4
-4.220939159,2.364108801,1.914258122,0.8439096808,-0.09437860548,-2.672533512,4
-2.306680918,4.163511276,2.048256159,1.283885002,-1.071304083,-1.9112432,4
-4.843072891,2.651247501,7.944170952,1.675143957,-1.961944938,-1.756694436,4
-4.053441525,2.555534601,1.497906923,2.491870165,-2.465297461,-1.720347881,4
-7.546962738,-0.009571290575,6.723831654,2.165668249,-2.912145138,-2.032652617,4
-12.51924801,-0.1004985496,4.340580463,1.71729362,-2.490953922,-1.794109821,4
-13.34237862,1.143769264,6.020341873,1.374445796,-2.240957499,-1.297324061,4
-14.84028625,1.239482164,5.412564754,0.9888373613,-1.496313334,-1.05496347,4
-14.83550072,1.875972986,3.574877024,0.7747292519,-1.088408351,-0.4721984863,4
-13.0887394,3.689732552,5.264209747,0.582459569,-1.044120669,0.02779434808,4
-11.78225899,3.172882795,7.274180889,0.2715294063,-0.6649262905,-0.04734202102,4
-10.91605663,3.694518089,5.723631859,0.3940077722,-0.709672153,0.001069013379,4
-9.767501831,4.331008911,7.077969551,0.006414080039,-0.682030499,0.119576782,4
-9.509077072,4.350151539,5.910272121,0.01374445762,-0.5590940118,0.2211330533,4
-8.413164139,5.422136307,7.111468792,-0.2477056682,-0.2136499584,0.004734201822,0
-7.881958008,5.120640278,7.087540627,-0.003817904973,-0.1910479665,-0.06108647957,0
-7.944170952,4.302295208,5.828916073,0.03878991306,-0.04703658819,0.1255327165,0
-7.121040344,4.388436794,4.369294167,0.1171333194,0.02489273995,0.2898553312,0
-6.790830612,4.455435753,5.455635548,0.1685986817,-0.1476765573,0.3382663727,0
-6.326622963,5.182853699,4.857429981,0.04596757516,0.111635536,0.208304897,0
-6.742974281,5.111069202,4.823930264,0.06062832847,0.08460476995,0.07849612087,0
-6.355337143,4.93878603,4.756931305,-0.03543015569,0.1507308781,0.03237583488,0
-6.848258495,5.331208706,5.446064472,0.00351247238,0.1962403059,-0.01130099874,0
0.5647061467,9.997213364,3.708875179,0.1577558219,0.5455022454,0.06429351866,0
0.1483550072,10.20778179,2.627319336,0.3174969554,0.4072940946,0.09376774728,0
1.048056364,10.50449181,3.536591768,0.2477056682,0.2328922004,0.0859792158,0
0.8853443861,9.906285286,3.067598581,0.2496909797,0.3300196826,0.1218675226,0
2.416750908,9.30807972,1.55054903,0.558788538,-0.300850898,0.2565632164,0
1.641476393,7.97767067,3.440878868,-0.1722638607,-0.1206457913,0.06414080411,0
1.287338614,8.020741463,3.225524902,-0.1088866442,-0.2144135386,-0.0157297682,0
0.7944171429,7.838887215,2.995813847,-0.2148716897,-0.2787070572,-0.03054323979,0
0.4594219327,8.020741463,3.225524902,-0.3260490894,-0.3100138903,-0.1172860414,0
0.07178468257,7.972885132,3.871587038,-0.177456215,-0.04306596518,-0.1455385387,0
-0.2153540403,8.523234367,2.81395936,-0.3368919194,0.9199623466,0.04841103405,0
0.1627119333,9.250652313,3.641875982,-0.07116574794,0.4918988645,0.1288924664,0
0.3780659735,9.963713646,3.512663603,0.1547015011,0.6579013467,0.1421787739,0
0.4785645306,10.51884842,4.034298897,0.2223547846,0.9749401808,0.2133445293,0
0.5455635786,10.63848972,3.919443607,0.6495019794,0.7776308656,0.1908952445,0
-0.1962114573,9.786644936,2.502892494,0.566729784,0.9430224895,0.2684750557,0
-0.7465606928,8.690732002,3.876372576,0.4248564541,0.7131846547,0.0736092031,0
-0.837487936,8.33180809,3.507878065,0.2484692484,1.05649066,0.1635590494,0
-0.5934200287,8.633303642,2.971885681,0.189062655,1.113453746,0.274125576,0
-0.650847733,8.834300995,3.306880951,-0.1357647032,1.216995358,0.1918115467,0
0.0765703246,8.805587769,2.766103029,-0.0009162971983,0.8533781171,0.2887863219,0
0.2488535494,8.456234932,1.871187329,0.154548794,0.5642863512,0.2695440948,0
-0.1196411327,8.614161491,2.770888567,0.02076940238,0.5189296007,0.2354883701,0
0.009571290575,8.762516975,2.646461725,0.2722929716,0.2838993967,0.2075413018,0
-0.5216353536,9.403793335,1.818545222,0.2208276242,0.5430588126,0.2293797284,0
-0.0143569354,10.39442158,2.770888567,0.2102901936,0.3634645343,0.2554942071,0
0.2775674164,10.94477081,1.277767301,0.29352054,0.2260199636,0.177456215,0
1.40697968,10.05942631,2.354537487,0.1110246703,0.01481347065,0.1397353113,0
2.354537487,10.49491978,3.316452265,0.04169152305,-0.119576782,-0.01160643063,0
0.8805587292,8.992227554,2.569891453,-0.04963276163,0.1514944583,-0.1731801629,0
0.8279166222,8.106883049,2.163111687,0.2292270064,-0.6378955245,-0.03222311661,0
1.03848505,8.288737297,2.799602509,-0.281761378,-0.6678279042,-0.01954767294,0
-0.2488535494,8.542376518,2.096112728,-0.3998109996,-0.1797469556,-0.07116574794,0
-0.06699903309,8.350951195,1.852044702,-0.2729038298,0.0209221188,-0.02611446939,0
0.9092726111,8.886942863,2.804388046,-0.2438877672,-0.007941242307,-0.07177661359,0
0.5551348329,9.260223389,2.048256159,-0.1490510106,0.2466366589,-0.1053741723,0
0.813559711,10.09771156,3.034099102,-0.0209221188,0.2438877672,-0.007788525894,0
0.5216353536,10.29392338,2.416750908,0.1047633067,0.3075704277,-0.0157297682,0
0.4594219327,10.80598736,2.842673302,0.1692095399,0.3113883138,0.08323032409,0
-0.8614161611,10.89691448,3.407379389,0.2745837271,0.6417134404,0.1803578287,0
-1.21555388,10.14078236,2.699103832,0.3364337683,0.6800451875,0.3327685893,0
-0.04785645381,9.676574707,4.699503899,0.1316413581,0.7353284955,0.3399462402,0
0.3110669553,8.475378036,3.85244441,0.3952295184,0.7031053901,0.1985310465,0
1.536192179,8.590232849,2.589034081,0.4231765866,0.6930260658,0.0737619251,0
2.847458839,9.355937004,2.167897224,0.200516358,0.6776017547,-0.3539961278,0
3.278167009,9.379864693,3.105883837,0.2092211843,0.5952877402,-0.7945823669,4
3.871587038,8.647661209,3.144168854,0.3089448512,0.3981311321,-1.18599391,4
3.263810158,7.695317745,3.259024382,0.6835576892,0.2075413018,-1.52487123,4
2.435893536,6.929614544,2.675175667,1.061377525,-0.03268126398,-1.685986757,4
2.455035925,7.269395351,2.129612207,1.547320485,-0.7721330523,-1.679419994,4
3.75673151,7.65703249,4.728217602,1.078481793,-1.000596523,-1.882685304,4
1.823330879,5.886343479,6.61854744,1.117271662,-1.553734541,-2.290742874,4
0.1387837082,1.957328916,7.369893551,1.442709923,-1.96026504,-2.441473722,4
-4.814359188,-0.8949156404,9.714859962,1.488524795,-2.092211962,-2.687346935,4
-8.336593628,0.4642075896,7.743174076,1.65849793,-2.04746604,-2.40085125,4
-10.09292603,1.316052437,4.455435753,1.714850187,-1.657581568,-1.992335439,4
-14.29472256,-0.7274180651,3.871587038,1.758985162,-1.463631988,-2.017686367,4
-15.03649712,-0.5838487148,0.3684946895,1.772271395,-1.413388371,-1.619707942,4
-14.90728474,1.928615093,-2.373680115,1.582597971,-1.259603143,-0.8341358304,4
-16.74975777,0.4067798555,4.010370731,1.17515111,-1.276707411,-0.7916807532,4
-14.08415413,2.54117775,-2.148754835,1.29686594,-0.7047852278,-0.2367101014,4
-12.38525009,5.067998409,0.3780659735,1.276860118,-1.136208534,0.00152716192,4
-10.93998528,4.488935471,0.3589234054,1.292284489,-1.083979607,-0.4105011225,4
-14.82114315,1.335195065,2.024327993,0.6623301506,-0.7345649004,-1.061377525,4
-9.796216011,3.507878065,1.148554921,1.143233418,-1.478598237,-0.2302960157,4
-14.13201046,-2.522035122,3.460021496,0.1692095399,-0.5998691916,-0.8596394658,0
-9.930213928,1.603191137,2.780459881,0.4952586293,-1.401476502,-0.07742711157,0
-10.46142101,2.656033039,4.311866283,0.1786779463,-0.7741183639,-0.02886336111,0
-8.752944946,5.015356064,2.804388046,0.5386300087,-0.9034690261,0.3130682111,0
-5.513063431,4.010370731,4.230510235,0.583070457,-1.005025268,0.3926333487,0
-7.255038261,2.268395901,3.814159393,0.2784016132,-0.570700407,-0.06612611562,0
-8.647661209,3.201596737,4.115654945,0.3147480786,-0.718224287,0.08582650125,0
-7.968099594,3.608376503,4.651647091,0.03252854943,-0.4931205809,0.1327103674,0
-8.480163574,3.857230186,5.072783947,-0.00152716192,-0.4103484154,0.1353065521,0
-7.365108013,3.933800459,5.134997368,0.06001746282,-0.4095848203,0.2399171442,0
-7.8341012,3.273381472,5.613562107,0.02306014486,-0.2513708472,0.1876882017,0
-7.240681171,4.340580463,5.455635548,0.1441640854,-0.3138317764,0.3098611534,0
-7.33639431,4.034298897,5.455635548,0.09987638891,-0.1999054998,0.301156342,0
-7.063612461,4.005585194,5.532206059,0.1664606482,-0.2654207349,0.3332267404,0
-7.235895634,3.766302824,7.231110096,-0.04138609022,-0.01420260593,0.3342957497,0
-5.580062389,5.570491314,6.527620316,0.2739728391,-0.1991419196,0.4463894367,0
